dataset,dc_nrmse,fail_reason,h2_amp_err,h2_live_fraction,h2_phase_err,h2_weak,h3_amp_err,h3_live_fraction,h3_peak_shift,h3_phase_err,h3_weak,h4_amp_err,h4_live_fraction,h4_phase_err,h4_weak,p_E0_eff,p_gamma,p_k0,p_kf,sample,status,total_nrmse,verdict
FT2,2.8527425248756244e-06,,1.0002589118384318e-05,0.7424001609496027,0.00013602014870262025,0,5.2574687144739046e-05,0.9389598631928378,0.0,0.002895234844945388,0,0.00015917312900833334,0.9941253395030681,0.006133002264051335,0,1.543963263463229,1.6361636440250487e-12,1179.885493471436,68940.84467035862,0,ok,2.1763906838176177e-05,PASS
FT3,3.2940108972411704e-06,,1.2524648465131733e-05,0.7657501710881205,0.0004647082160929017,0,5.2043806528617183e-05,0.9268145404774365,0.0,0.0022738418500439766,0,0.00021745936628205537,0.9761684312225756,0.00955265650886139,0,1.543963263463229,1.6361636440250487e-12,1179.885493471436,68940.84467035862,0,ok,3.9719852026125194e-05,PASS
FT4,2.798258263571678e-07,,4.015158297579908e-06,0.8476340312235265,0.00016047211136671624,0,2.3136691423653138e-05,0.9772883133647989,0.0,0.000923604804941025,0,8.960692484867548e-05,0.9960869740610755,0.002884646078547992,0,1.543963263463229,1.6361636440250487e-12,1179.885493471436,68940.84467035862,0,ok,1.0543768157348408e-06,PASS
FT8,3.6973739176652767e-06,,1.0460222807237837e-05,0.7978476701210233,0.00042055187218348333,0,4.3582668807839274e-05,0.950322487136749,0.0,0.0018373625882305983,0,0.0001505509046439362,0.9951445756938908,0.0042279493220380715,0,1.543963263463229,1.6361636440250487e-12,1179.885493471436,68940.84467035862,0,ok,3.07403124993402e-05,PASS
FT2,0.00011467512879955985,,0.00027345431362195324,0.7040941555175536,0.0021621902220388955,0,0.00044354599966551784,0.5794185695604064,0.0,0.006714707906149808,0,0.002580598136467604,0.8268987023438286,0.0878907816620662,0,1.6024668001569808,1.0983876583072028e-10,0.8446257054684543,11.833054781525563,1,ok,0.0004187086638443784,PASS
FT3,0.00010084863133056458,,0.00042386846184536977,0.83499053983334,0.014404348633165752,0,0.00047785022076434305,0.7401875930920655,0.0,0.016570878290215862,0,0.0017413594367998953,0.8898997624894328,0.096067185730075,0,1.6024668001569808,1.0983876583072028e-10,0.8446257054684543,11.833054781525563,1,ok,0.0008741466577837387,PASS
FT4,2.3311593280849427e-05,,0.0003007615219226055,0.6859494130461091,0.008200512786799896,0,0.0009293472728675003,0.8845859050385252,1.5249584872423227e-05,0.04835693896380833,0,0.0025079097887827956,0.9691395376981726,0.06857467090667013,0,1.6024668001569808,1.0983876583072028e-10,0.8446257054684543,11.833054781525563,1,ok,9.349364790545214e-05,PASS
FT8,7.991936581468671e-05,,0.00027079460593125866,0.7956011305167041,0.011177409586064615,0,0.0005066670643998117,0.6442495833031379,0.0,0.02459105958479313,0,0.001928112550531672,0.9225668526704833,0.08091922410464836,0,1.6024668001569808,1.0983876583072028e-10,0.8446257054684543,11.833054781525563,1,ok,0.0006053474192811854,PASS
FT2,1.5261953428334362e-05,,5.998449268900472e-05,0.4955839452771351,0.0008018282393309484,0,0.00012425793545024798,0.5489387385574892,0.0,0.004345693599206335,0,0.0006074568469642658,0.7392214062971532,0.020837382029866736,0,1.7246105908881875,1.312545578111123e-11,354.4932528278177,6057.606769530913,2,ok,8.528301987382668e-05,PASS
FT3,1.7750540894001742e-05,,7.77803634810331e-05,0.5205104464393543,0.002110794409006134,0,0.00016231159025054524,0.5816593534881849,0.0,0.008358259425875092,0,0.0006209544625973263,0.6657541966909545,0.03686350489107526,0,1.7246105908881875,1.312545578111123e-11,354.4932528278177,6057.606769530913,2,ok,0.0001544762527719806,PASS
FT4,4.493771924779243e-06,,4.482113969553462e-05,0.5344709346887733,0.001945388564741135,0,0.000131400098513277,0.7690507886562589,0.0,0.0062600852332237444,0,0.00045837637810420764,0.9593771430876599,0.02069693946479531,0,1.7246105908881875,1.312545578111123e-11,354.4932528278177,6057.606769530913,2,ok,1.0427003514088846e-05,PASS
FT8,1.9554211521575157e-05,,5.35312637773337e-05,0.5064497427349808,0.003252394668316505,0,0.00012672273120143052,0.6344300311616784,0.0,0.0055324415326832846,0,0.0007173781060986894,0.8756069280382637,0.015579917041484759,0,1.7246105908881875,1.312545578111123e-11,354.4932528278177,6057.606769530913,2,ok,0.00011904285392692219,PASS
FT2,2.7285466681819576e-06,,6.983533168775095e-05,1.0,8.107516980482288e-05,0,0.00021367621319160043,1.0,0.0,0.0002614496606885286,0,0.00048414214275486957,0.9264661502866914,0.0019389942613956546,0,1.4430218262132257,1.369179529443931e-09,2.8792043814732415,36.87454084291943,3,ok,2.146160008009211e-05,PASS
FT3,3.084457080848343e-06,,7.210584166188942e-05,1.0,9.978768203078303e-05,0,0.0002210483061470722,1.0,0.0,0.0004730215056500952,0,0.0004972836663020765,0.9132885149551145,0.0026786930322448836,0,1.4430218262132257,1.369179529443931e-09,2.8792043814732415,36.87454084291943,3,ok,3.624653762854705e-05,PASS
FT4,2.990698552368859e-07,,9.148916815092077e-06,1.0,5.9652875592952626e-05,0,1.71393356952494e-05,0.9961676550082698,0.0,0.0007633434111815607,0,7.316481800784532e-05,1.0,0.0002958468092024713,0,1.4430218262132257,1.369179529443931e-09,2.8792043814732415,36.87454084291943,3,ok,3.112611628981517e-06,PASS
FT8,3.189618874730684e-06,,8.070434453057371e-05,1.0,0.00011174191340157513,0,0.00019710348813064933,1.0,0.0,0.0004356919253747371,0,0.0005217565713116673,0.9461555185158345,0.002617765872106492,0,1.4430218262132257,1.369179529443931e-09,2.8792043814732415,36.87454084291943,3,ok,2.8732912318554838e-05,PASS
FT2,8.15892101440008e-05,,0.00012789542299348913,0.9943265265063876,0.0006986907794299668,0,0.00021984993317105095,1.0,7.605076811190159e-06,0.002385756785310389,0,0.0006509402622153391,0.9972839754551855,0.003970929694747661,0,1.3584581990260631,4.207710869075816e-09,125.33681223428104,1.296428708638018,4,ok,0.00040686276899109093,PASS
FT3,7.867150669877099e-05,,0.00011843023494496419,0.9950887645424903,0.0004685758962570397,0,0.00021081545498932353,1.0,0.0,0.0003081899184307346,0,0.000434987480317506,0.9972625900728634,0.0007140680980743941,0,1.3584581990260631,4.207710869075816e-09,125.33681223428104,1.296428708638018,4,ok,0.00047340008781344446,PASS
FT4,7.914080846057907e-05,,0.0003898942719384066,0.9933438218564686,0.006204956566107533,0,0.00011613912014133752,1.0,0.0,0.01632038726846785,0,0.0007586349031188981,0.9960062931138811,0.007026013325262093,0,1.3584581990260631,4.207710869075816e-09,125.33681223428104,1.296428708638018,4,ok,0.00021796118664590397,PASS
FT8,9.206568197004387e-05,,0.00011510439770699367,0.9948909341256613,0.0004231025337850802,0,0.00021239311099832854,1.0,0.0,0.0007958505336370658,0,0.0004403877074144579,0.9973548807884629,0.001673241881385068,0,1.3584581990260631,4.207710869075816e-09,125.33681223428104,1.296428708638018,4,ok,0.0004332645685821108,PASS
FT2,0.0001706531756326029,h2_phase=0.0694;h3_phase=0.0949;h4_phase=0.3047,0.0017697081748533029,0.5727391610501962,0.06944671233006172,0,0.004971121920219979,0.5355396841364047,0.0,0.0948541172057964,0,0.014043633623386004,0.5414143446333367,0.30469909730725275,0,1.7529237604234367,4.3351712387277843e-11,8.051475419823166,266074.69746890705,5,ok,0.000694495435766372,FAIL
FT3,0.00022111082070148635,h2_phase=0.0682;h3_phase=0.1493;h4_phase=0.3462,0.0016732533662991921,0.8809629241978987,0.06819215884734087,0,0.002795252494425173,0.863854112153295,0.0,0.14934941143975533,0,0.01011542006304516,0.9741958858339036,0.34621519311044885,0,1.7529237604234367,4.3351712387277843e-11,8.051475419823166,266074.69746890705,5,ok,0.001996219052252303,FAIL
FT4,0.00022614506178787245,h3_phase=0.1623;h4_phase=0.9657,0.0017279503821146676,0.5372140868933801,0.04759562716653376,0,0.0036299323663338484,0.6826414942111421,0.0,0.1623398565334574,0,0.010809330304505423,0.8899108475533503,0.9656858418028882,0,1.7529237604234367,4.3351712387277843e-11,8.051475419823166,266074.69746890705,5,ok,0.00034108697698559653,FAIL
FT8,0.00013242142567783825,h2_phase=0.0765;h3_phase=0.2005;h4_phase=0.7492,0.0017862721456485466,0.9349590550039858,0.07651831384646912,0,0.005227052971657133,0.8263642292919777,0.0,0.20047813825052074,0,0.01732672161867594,0.947242553808247,0.7492073228115455,0,1.7529237604234367,4.3351712387277843e-11,8.051475419823166,266074.69746890705,5,ok,0.0010738395896334517,FAIL
FT2,,,,,,,,,,,,,,,,1.6866536289453506,5.197922643888705e-10,8110.878473151767,337.41319058788827,6,REFERENCE_UNAVAILABLE,,PASS
FT3,1.8028712495794873e-06,,7.650769864846399e-06,0.5489312024475665,7.007464921215956e-05,0,3.116063881137031e-05,0.6232840867919971,0.0,0.00040870041435514537,0,0.00012216416753719082,0.6475987279095045,0.0032364772234904082,0,1.6866536289453506,5.197922643888705e-10,8110.878473151767,337.41319058788827,6,ok,2.0540414919454856e-05,PASS
FT4,,,,,,,,,,,,,,,,1.6866536289453506,5.197922643888705e-10,8110.878473151767,337.41319058788827,6,REFERENCE_UNAVAILABLE,,PASS
FT8,2.039254088572966e-06,,6.548757622306472e-06,0.5727588955721429,0.0002606576340552502,0,2.793743837163776e-05,0.8223059642003043,0.0,0.0011167849996382984,0,0.00012117520295229424,0.9126023624900355,0.002634694406105309,0,1.6866536289453506,5.197922643888705e-10,8110.878473151767,337.41319058788827,6,ok,1.5949518242894856e-05,PASS
FT2,0.00014397935584749616,h2_phase=0.1803;h3_phase=0.8889;h4_phase=3.0814,0.010403896548140215,0.9841062267377527,0.18033704203693768,0,0.022649556502137187,0.9563625389799819,0.0,0.888855748645706,0,0.041625794722860016,0.9554773161653757,3.081369838117268,0,1.516026888974011,3.5092529035317295e-12,0.12148145491841436,1573.48018535406,7,ok,0.000687851752579415,FAIL
FT3,0.0004377583863793413,h2_phase=0.1272;h3_phase=0.2442;h4_phase=0.5248,0.00952319915119731,0.9974236141862244,0.1271503893014425,0,0.011253970022811999,0.995209532627511,0.0,0.24422270476941366,0,0.020482415258049197,0.993720059578922,0.524818802272691,0,1.516026888974011,3.5092529035317295e-12,0.12148145491841436,1573.48018535406,7,ok,0.002547495377944252,FAIL
FT4,0.00021767154601146075,h2_phase=0.2594;h3_phase=0.9974;h4_phase=3.1406,0.007383438311917736,0.9578442050909678,0.25943887285383854,0,0.01872516561621898,0.9260962523700028,0.0,0.9974199172038949,0,0.05273569815517703,0.9461051272741942,3.140641396690423,0,1.516026888974011,3.5092529035317295e-12,0.12148145491841436,1573.48018535406,7,ok,0.0005818152234749683,FAIL
FT8,0.00016098034257591107,h2_phase=0.0582;h3_phase=0.3800;h4_phase=0.5236,0.004882786074631065,1.0,0.05816162536816938,0,0.0143095056588562,0.995217044713385,0.0,0.37998213061808006,0,0.01987235189261528,0.9928255670700775,0.5235693371066097,0,1.516026888974011,3.5092529035317295e-12,0.12148145491841436,1573.48018535406,7,ok,0.0010918616662675584,FAIL
FT2,1.5736904895582567e-06,,1.0363769769339502e-05,0.9973040941555176,8.941654828942269e-05,0,1.9048763084598586e-05,0.9914897897595816,0.0,0.0002391065721480956,0,7.54355555858825e-05,0.9991348958857258,0.0004328287328790592,0,1.4653529886156322,9.628782497937233e-11,250.3437352127087,503.06741208929213,8,ok,2.5201441077533965e-05,PASS
FT3,1.846514782564121e-06,,1.1747070616352758e-05,0.9932772432671793,0.00015623153770993883,0,1.683236744011891e-05,0.993720059578922,0.0,0.0005799392628573763,0,0.00010826625187447722,0.9930759631254781,0.00047332061144200743,0,1.4653529886156322,9.628782497937233e-11,250.3437352127087,503.06741208929213,8,ok,4.67556618954176e-05,PASS
FT4,1.312090437566536e-07,,2.6682193777521704e-06,0.9952801645891323,4.944703277007245e-05,0,6.014954292067577e-06,0.9930614385412885,0.0,4.650837002051489e-05,0,1.8671826452141905e-05,0.9956835693251038,0.00021974166216631732,0,1.4653529886156322,9.628782497937233e-11,250.3437352127087,503.06741208929213,8,ok,1.0279614228133166e-06,PASS
FT8,2.0536396508763472e-06,,1.4208241372155946e-05,0.9964852525545329,0.000136526711934426,0,1.753747352386552e-05,0.995217044713385,0.0,0.000393522723484363,0,9.055525335531942e-05,1.0,0.000975105948040067,0,1.4653529886156322,9.628782497937233e-11,250.3437352127087,503.06741208929213,8,ok,3.5955861376951683e-05,PASS
FT2,1.5923406000346374e-06,,6.0943032969773984e-06,0.7757569660999899,0.00014745986156500246,0,3.4181717886467804e-05,0.9675082989638869,0.0,0.0013568379351456827,0,0.0001107468863694563,0.9949904436173423,0.003255620886455812,0,1.6319686492905021,5.994112376048845e-09,3.8270192256226085,2501.256637405098,9,ok,1.2075114091133842e-05,PASS
FT3,1.861582598266294e-06,,8.137126154763438e-06,0.8160299504850851,0.00021825185593127292,0,4.027171815546305e-05,0.9659434000241536,0.0,0.0020554259886558235,0,0.00017444822454734218,0.9884062638380098,0.0059413873904133885,0,1.6319686492905021,5.994112376048845e-09,3.8270192256226085,2501.256637405098,9,ok,2.198420698954335e-05,PASS
FT4,4.1468670574914535e-07,,9.087810769107809e-06,0.8919682117068054,0.00029985699338108684,0,3.741703707824773e-05,0.9858001532937997,0.0,0.0012215515130000743,0,0.00011198154826987228,0.9971358263746016,0.0049759821329737886,0,1.6319686492905021,5.994112376048845e-09,3.8270192256226085,2501.256637405098,9,ok,1.2581717568463652e-06,PASS
FT8,2.0381110999044717e-06,,6.532313966895642e-06,0.8353866222190014,0.00029260422917565254,0,4.013294827346789e-05,0.9724980071019639,0.0,0.0012157357331394891,0,0.00015443707376352976,0.9957967968693383,0.006332736471049455,0,1.6319686492905021,5.994112376048845e-09,3.8270192256226085,2501.256637405098,9,ok,1.7020186884470406e-05,PASS
FT2,0.00014130631623284577,h2_phase=0.1523;h3_phase=0.1992;h4_phase=0.2522,0.003820255782831576,0.8485866613016799,0.1522897371668286,0,0.004405063354734883,0.4047278945780103,0.0,0.19920201079631572,0,0.00605114669473936,0.38812996680414447,0.2521763534286936,0,1.7909093134570866,6.68895920514109e-12,954.932594681272,4.613725030792815,10,ok,0.0006901269883492507,FAIL
FT3,0.0005235282566770381,h2_phase=0.0640;h3_phase=0.1355;h4_phase=0.2159,0.003376217670167173,0.997182078016183,0.06400511959292099,0,0.003674414753655909,0.9472646028742804,0.0,0.13549328486507176,0,0.004440444271147427,0.835795660400145,0.2158879616206467,0,1.7909093134570866,6.68895920514109e-12,954.932594681272,4.613725030792815,10,ok,0.002547690585516859,FAIL
FT4,0.00022398357132640708,h2_phase=0.2916;h3_phase=0.7875;h4_phase=1.2822,0.012568789497431117,0.9960869740610755,0.29161927358024076,0,0.018141291064044357,0.8373068699826536,0.0,0.787521992074931,0,0.0300387393081066,0.871192867804268,1.2822219787589813,0,1.7909093134570866,6.68895920514109e-12,954.932594681272,4.613725030792815,10,ok,0.0006801975772173463,FAIL
FT8,0.00015549138307243278,h2_phase=0.0530;h3_phase=0.1980;h4_phase=0.2854,0.0026245494034129657,0.9977896949054279,0.052978494949607935,0,0.004109290187705062,0.92285672874846,2.7393924636243128e-05,0.19800834961250602,0,0.00558794059261968,0.914522791506631,0.28538300394246896,0,1.7909093134570866,6.68895920514109e-12,954.932594681272,4.613725030792815,10,ok,0.0010934122510841448,FAIL
FT2,1.1877806045453963e-06,,1.6090374000731477e-05,0.9586963082184891,0.00027826846695777624,0,0.00013131961554371436,0.9941253395030681,0.0,0.003634414396082697,0,0.00023469932939266093,0.9972839754551855,0.0048163887851429,0,1.3977065394166859,8.62839668031143e-10,1.0748096219198946,996043.963907312,11,ok,8.323242482872158e-06,PASS
FT3,1.3614816234397485e-06,,1.5651694406750823e-05,0.9558391369107524,0.0003487767394365626,0,8.297471281494879e-05,0.9976651503562659,0.0,0.0013982510714971585,0,0.00026591766121306315,0.9953303007125317,0.008298452012402091,0,1.3977065394166859,8.62839668031143e-10,1.0748096219198946,996043.963907312,11,ok,1.4863873486951846e-05,PASS
FT4,7.696508120517919e-07,,8.972243545342115e-06,0.9909637339142362,0.00023831535628593414,0,7.814510840595346e-05,0.995965952640284,0.0,0.001886620420583851,0,0.00018265618034533614,0.9983057001089193,0.0035623763952163934,0,1.3977065394166859,8.62839668031143e-10,1.0748096219198946,996043.963907312,11,ok,2.191975193842262e-06,PASS
FT8,1.3986016985166611e-06,,1.3214053051042914e-05,0.9798173780708747,0.0005267591570712327,0,7.107428910661242e-05,0.9927530980505834,0.0,0.0031989963577987446,0,0.00022396524694791631,0.99826074353214,0.005703773524316391,0,1.3977065394166859,8.62839668031143e-10,1.0748096219198946,996043.963907312,11,ok,1.1575354291449409e-05,PASS
FT2,2.2149989115649897e-07,,2.3319500845499802e-06,1.0,1.723484213700388e-05,0,1.1579096623917738e-05,0.9987727592797505,0.0,0.00010920554338156307,0,2.0596671839234782e-05,0.993682728095765,0.0006047943723353489,0,1.4256365034263583,2.104320130525875e-10,2468.292646335109,22848.68742110578,12,ok,3.037961150580092e-06,PASS
FT3,2.5771089277501445e-07,,3.2282757636519332e-06,1.0,1.373059885647829e-05,0,1.0808679055661033e-05,0.9916670021335695,0.0,0.0004895124909349846,0,2.4755838571779564e-05,0.9982689907813695,0.00030398809563525475,0,1.4256365034263583,2.104320130525875e-10,2468.292646335109,22848.68742110578,12,ok,5.527588122258639e-06,PASS
FT4,2.449664756792493e-08,,2.0965391010468147e-06,1.0,4.43537102423619e-06,0,6.515194117308343e-06,0.9981443382145306,0.0,0.00017319716878755329,0,2.2442771148022947e-05,0.9981846786881278,0.0004404156566371054,0,1.4256365034263583,2.104320130525875e-10,2468.292646335109,22848.68742110578,12,ok,1.094471830979415e-07,PASS
FT8,2.925878879654501e-07,,3.1307999914235434e-06,1.0,2.4018255758484486e-05,0,9.050784874970846e-06,0.9868468729618088,0.0,0.0004612271976272009,0,2.1172138066523424e-05,0.9969200666714979,0.000514416288608377,0,1.4256365034263583,2.104320130525875e-10,2468.292646335109,22848.68742110578,12,ok,4.316575805339913e-06,PASS
FT2,0.00014261487558374887,h2_amp=0.0323;h2_phase=0.1533;h3_amp=0.0652;h3_phase=1.0287;h4_phase=2.0673,0.03227904634897987,1.0,0.15326191735237238,0,0.06515930974370539,0.9996982194950206,0.0,1.028738701264306,0,0.0935037058075615,0.9935821345941053,2.067259461907693,0,1.7067298070993275,2.699146530958819e-12,0.42048270249885256,130.45297126750717,13,ok,0.0006902946076459091,FAIL
FT3,0.000488050998664348,h2_phase=0.0568;h3_phase=0.1975;h4_phase=0.4178,0.007821462517691172,1.0,0.05682269194628109,0,0.014559039405215713,1.0,0.0,0.19752198846667057,0,0.01789128789631813,1.0,0.417785488695803,0,1.7067298070993275,2.699146530958819e-12,0.42048270249885256,130.45297126750717,13,ok,0.002563951563910256,FAIL
FT4,0.00017937509968351644,h2_phase=0.2966;h3_amp=0.0605;h3_phase=0.8259;h4_phase=3.1334,0.0264905635705481,1.0,0.29660384986096106,0,0.0605349368204544,0.9973778692161845,0.0,0.8259009952816677,0,0.093264569501866,0.9918915648069708,3.133362877034994,0,1.7067298070993275,2.699146530958819e-12,0.42048270249885256,130.45297126750717,13,ok,0.0005458277678155586,FAIL
FT8,0.00016002814998165448,h3_phase=0.1438;h4_phase=0.4652,0.00442754775081718,1.0,0.03885916774898112,0,0.011337937065130891,1.0,0.0,0.14380881757746944,0,0.01882413711005983,1.0,0.4651574092240556,0,1.7067298070993275,2.699146530958819e-12,0.42048270249885256,130.45297126750717,13,ok,0.0010938193858024735,FAIL
FT2,8.672539671017952e-07,,3.3306136749812696e-05,0.9995372698923649,0.0006912013463027146,0,0.0002903214703625665,0.9967810079468866,0.0,0.005726892987517093,0,0.0008651198758771579,0.9986319283774269,0.006817902795714703,0,1.603648157324642,3.0018933763968095e-09,39.84082273686752,108942.6259960133,14,ok,6.7396967064305855e-06,PASS
FT3,9.783972101282781e-07,,1.1411939059023572e-05,0.9951692765991708,0.0004233691795789696,0,8.036103491888291e-05,0.9913449539068475,0.0,0.0026477321698825666,0,0.0003777373721155626,0.9979469425546476,0.00637469408847835,0,1.603648157324642,3.0018933763968095e-09,39.84082273686752,108942.6259960133,14,ok,1.2084511815380101e-05,PASS
FT4,3.8815543796467965e-07,,1.2198535425867948e-05,1.0,0.0001528973945381651,0,7.731810457237204e-05,0.9987091048448908,0.0,0.002705886729609128,0,0.000268503425553091,0.9998386381056114,0.003717477940027969,0,1.603648157324642,3.0018933763968095e-09,39.84082273686752,108942.6259960133,14,ok,1.1772750240634074e-06,PASS
FT8,9.624803756991162e-07,,1.644230886172013e-05,0.9986230886296108,0.00039638143863884867,0,5.610174376028967e-05,0.9923182839336184,0.0,0.001525990284781731,0,0.00020860579203910314,1.0,0.0019750986046838115,0,1.603648157324642,3.0018933763968095e-09,39.84082273686752,108942.6259960133,14,ok,9.394265442023193e-06,PASS
FT2,0.00010671078955120645,,0.00037263606476460923,0.8716829292827684,0.015269967701351472,0,0.00036684501123517347,0.8753646514435167,7.605076811412204e-06,0.004641378258273043,0,0.0008521353517492734,0.8997283975455186,0.015916331744666667,0,1.5499230262823405,1.8920619744287273e-11,24.316973420827924,17.776500689879235,15,ok,0.0004634259812402695,PASS
FT3,0.000172033262332797,,0.0003784966417557737,0.9670303127893402,0.007400988713010648,0,0.00037850439573518105,0.9289481099794694,0.0,0.013728455444101506,0,0.001103942449046449,0.9401795418863975,0.02587331820361982,0,1.5499230262823405,1.8920619744287273e-11,24.316973420827924,17.776500689879235,15,ok,0.001291240341842652,PASS
FT4,4.030111709546783e-05,,0.0004113288094848008,0.9001169873734317,0.021321896164322597,0,0.0005664655243838062,0.8740973819032636,0.0,0.029035855361938978,0,0.0011778390716381706,0.8846665859857195,0.028117687254827217,0,1.5499230262823405,1.8920619744287273e-11,24.316973420827924,17.776500689879235,15,ok,0.0001420763744256013,PASS
FT8,0.00010974535600608435,,0.00038194314908112005,0.9794187984636568,0.009026226913425361,0,0.0004413879452451764,0.9497065004710487,0.0,0.01545786384960992,0,0.0007266521693888103,0.9470976157692587,0.028237376362961752,0,1.5499230262823405,1.8920619744287273e-11,24.316973420827924,17.776500689879235,15,ok,0.0007091922310184271,PASS
FT2,9.255124925613373e-07,,4.971134364709102e-06,0.9452167789960768,0.00014480468463262675,0,2.5179483450817408e-05,0.9943868826073836,0.0,0.000980957742731721,0,8.24516476210474e-05,0.997585755960165,0.0008216448954612571,0,1.567840322898701,4.085229465677886e-10,60.09707907230484,5107.97643870287,16,ok,8.29405033443877e-06,PASS
FT3,1.0913489658043743e-06,,4.454786663607602e-06,0.9502838049997987,0.0001669977966864966,0,3.980801642879423e-05,0.9976651503562659,0.0,0.0009823350003432818,0,8.701463636700429e-05,0.9958536290809549,0.00244716709518622,0,1.567840322898701,4.085229465677886e-10,60.09707907230484,5107.97643870287,16,ok,1.5162306678105599e-05,PASS
FT4,1.0897900485164807e-07,,2.257538845634354e-06,0.9877364960264633,5.176783031934918e-05,0,1.1650757536419458e-05,0.9958449312194925,0.0,0.00024038050702390734,0,3.470069690178318e-05,0.9984267215297108,0.0007258376749672557,0,1.567840322898701,4.085229465677886e-10,60.09707907230484,5107.97643870287,16,ok,4.3856475160479937e-07,PASS
FT8,1.2256531688950018e-06,,4.811123624382983e-06,0.973838683962606,0.00018090731183528774,0,2.5715931207659e-05,0.9933328502065367,0.0,0.0012662954988904573,0,6.300379985965245e-05,0.9987317921588521,0.0009096105608521476,0,1.567840322898701,4.085229465677886e-10,60.09707907230484,5107.97643870287,16,ok,1.1728968173572397e-05,PASS
FT2,0.00011894630228303581,,0.00033462286321225235,0.5777084800321899,0.004189063030148765,0,0.0007433580200589336,0.6100392314656473,4.563046086758504e-05,0.02999976225205847,0,0.0037582145185071146,0.6763102303591187,0.09732458248022113,0,1.6208858894649893,4.242377881045229e-12,16.32822070161244,876.7305106702482,17,ok,0.0005827205039674791,PASS
FT3,0.0001208194325630628,h4_phase=0.1621,0.0004394613809565577,0.753472082444346,0.019339190461731492,0,0.0013046734775826096,0.8379292299021779,0.0,0.0471832210140124,0,0.003741530105433543,0.9800732659715793,0.1621090349952954,0,1.6208858894649893,4.242377881045229e-12,16.32822070161244,876.7305106702482,17,ok,0.0013469132180224319,FAIL
FT4,2.9361686782039837e-05,h3_phase=0.0702;h4_phase=0.2373,0.0006025150230387714,0.5920771309855177,0.003506275186527574,0,0.0009781835122337375,0.7811529307354068,0.0,0.07024652509425938,0,0.005180337670804604,0.9715196256404051,0.23732893720728016,0,1.6208858894649893,4.242377881045229e-12,16.32822070161244,876.7305106702482,17,ok,5.848153883243182e-05,FAIL
FT8,9.476306757910842e-05,,0.0003991300327640007,0.7633886513515472,0.017014981503058246,0,0.0008730578366625602,0.7879918834698166,0.0,0.04545846059644232,0,0.00339720229395424,0.9674251757373723,0.12449842279058797,0,1.6208858894649893,4.242377881045229e-12,16.32822070161244,876.7305106702482,17,ok,0.0008772223216402626,PASS
FT2,1.240683972817244e-05,,0.0014905160652370231,1.0,0.006570244481976961,0,0.007910560017746343,0.9949703249170103,7.605076811412204e-06,0.007414713434251041,0,0.010736348979357045,0.9955135298259732,0.03513061969118203,0,1.6886408608406782,5.092473857959947e-09,3978.879865552287,448679.1153625785,18,ok,3.182146984236384e-05,PASS
FT3,6.373105317064085e-06,,0.0002991596226802381,1.0,0.001316837169838117,0,0.0015355698723101732,0.9836157964655207,0.0,0.003448744265033943,0,0.004653617551548303,0.9985910390080914,0.006254445520387897,0,1.6886408608406782,5.092473857959947e-09,3978.879865552287,448679.1153625785,18,ok,1.9765912035400816e-05,PASS
FT4,,,,,,,,,,,,,,,,1.6886408608406782,5.092473857959947e-09,3978.879865552287,448679.1153625785,18,REFERENCE_UNAVAILABLE,,PASS
FT8,9.365166550776925e-06,,0.0006321541540361521,1.0,0.0070087789146464075,0,0.004169109671033968,0.9981882745126458,0.0,0.014497790951070844,0,0.007769581254715118,0.9963765490252917,0.02394123585394725,0,1.6886408608406782,5.092473857959947e-09,3978.879865552287,448679.1153625785,18,ok,2.507437954623437e-05,PASS
FT2,0.00012765013508150041,,0.0014966075577367201,0.9962378030379238,0.038840043658689316,0,0.0023470425719054524,0.9677899607685344,7.605076811190159e-06,0.02525765111811928,0,0.003424556950785881,0.9995372698923649,0.049402301207123404,0,1.4085704443976284,3.40333424956277e-11,0.251875782206934,2.7312327811020802,19,ok,0.0006098613704460951,PASS
FT3,0.000319354826965201,,0.0012447465329021798,0.9879634475262671,0.021425656969010706,0,0.0025284185540263176,0.9955315808542329,0.0,0.025148243570816298,0,0.003887138090680431,0.9944849241173865,0.058290642550769434,0,1.4085704443976284,3.40333424956277e-11,0.251875782206934,2.7312327811020802,19,ok,0.0019218310648451214,PASS
FT4,8.725978844578374e-05,,0.0014461110811277878,1.0,0.0055398552016932,0,0.00184011767034806,0.9264996571059744,1.5249584872201183e-05,0.030105781351039695,0,0.002937667709271474,0.9784581870991166,0.03464069883738441,0,1.4085704443976284,3.40333424956277e-11,0.251875782206934,2.7312327811020802,19,ok,0.00041867677040527504,PASS
FT8,0.00014259018948212932,,0.002071978190529765,0.9898543372708167,0.029459859249399895,0,0.001782336808984908,0.9940575404014784,0.0,0.01268766885425232,0,0.002349142711900007,0.9769548518008552,0.047122058305359975,0,1.4085704443976284,3.40333424956277e-11,0.251875782206934,2.7312327811020802,19,ok,0.0009481839794168283,PASS
FT2,3.955993693846892e-05,,0.00021343326181092197,0.9930791670858062,0.0016545082950293333,0,0.00027141131182371436,0.9875867618951816,7.605076811412204e-06,0.0028646597026130705,0,0.0006116163368319899,0.988793883915099,0.004595780834346419,0,1.380689030047506,1.6110196114194368e-11,578.7485374317642,95.79169947702606,20,ok,0.00035421106500460755,PASS
FT3,4.444653004054828e-05,,0.0003596017927116451,0.9919085383036109,0.0008428453967335159,0,0.000294198067336211,0.98844651986635,3.043522369883256e-05,0.004140884000070665,0,0.0007031437430021848,0.9913449539068475,0.00872848590297215,0,1.380689030047506,1.6110196114194368e-11,578.7485374317642,95.79169947702606,20,ok,0.0008780970294846121,PASS
FT4,9.392914172582281e-06,,0.00015582568111049792,0.9926176933317197,0.001188235273130056,0,0.00018401598575284563,0.989148412602364,0.0,0.004299588997976667,0,0.00045312422439346253,0.9854774295050224,0.0036096713740869646,0,1.380689030047506,1.6110196114194368e-11,578.7485374317642,95.79169947702606,20,ok,6.357903725296411e-05,PASS
FT8,5.013274598516441e-05,,0.00019088995373305187,0.9920284078556417,0.0017277286815804427,0,0.00042291087392404107,0.9892383506051163,1.3696962318121564e-05,0.008300934989194708,0,0.0007185870392344353,0.9914486556996884,0.010777056813752184,0,1.380689030047506,1.6110196114194368e-11,578.7485374317642,95.79169947702606,20,ok,0.0005321239859445926,PASS
FT2,8.307630149481252e-05,,0.00042979807626626577,0.5366462126546625,0.012777705645491522,0,0.0014684339777600707,0.5379941655769037,7.605076811412204e-06,0.02415520778440161,0,0.003891260518296623,0.5673473493612312,0.11324104709270125,0,1.772772786486894,1.0925437150935288e-09,1.7510469776352242,19660.089831196867,21,ok,0.00034313733257905466,PASS
FT3,7.973621181653456e-05,h3_phase=0.0501,0.0005296525310618746,0.5999758463829958,0.015895214840663696,0,0.0010750031136018366,0.7459039491163801,0.0,0.05012574664019542,0,0.0024320606370088504,0.8880882412141218,0.10483749875754222,0,1.772772786486894,1.0925437150935288e-09,1.7510469776352242,19660.089831196867,21,ok,0.000626178643506951,FAIL
FT4,5.4664175698878254e-05,h3_phase=0.0525,0.0004034058361942704,0.5705353180846343,0.02602876399409708,0,0.0010275321600480573,0.7458146758642946,0.0,0.052453425890233385,0,0.0028488268988601574,0.9246036548469079,0.1306130455335306,0,1.772772786486894,1.0925437150935288e-09,1.7510469776352242,19660.089831196867,21,ok,9.283695191556278e-05,FAIL
FT8,7.372594752922232e-05,,0.00045409452870525156,0.546198999927531,0.012206733026391192,0,0.001109742838844874,0.5731574751793608,0.0,0.03652121184940804,0,0.0038456630157422894,0.7374085078628886,0.10617536179763022,0,1.772772786486894,1.0925437150935288e-09,1.7510469776352242,19660.089831196867,21,ok,0.00047356480563944995,PASS
FT2,0.00013441725505670228,h2_phase=0.1038;h3_phase=0.3157;h4_phase=0.3085,0.003956496157965668,0.9879690172014888,0.10380665110511657,0,0.00640291489105718,0.8774167588773765,0.0,0.3156845478266406,0,0.006582792294434031,0.8413439291821748,0.3084746606894101,0,1.6492539654951544,1.3041180251000838e-12,169.95729314154875,24.933709358452248,22,ok,0.0006619802044890763,FAIL
FT3,0.00045173514157759696,h3_phase=0.1693;h4_phase=0.2176,0.005773753336251042,0.9978664304979671,0.04298856400326767,0,0.007286686820722149,0.991586490076889,0.0,0.16926010869167285,0,0.005822530491175929,0.9678756893844853,0.21762880786359998,0,1.6492539654951544,1.3041180251000838e-12,169.95729314154875,24.933709358452248,22,ok,0.002379381603706188,FAIL
FT4,9.755193617246506e-05,h2_phase=0.0961;h3_phase=0.3447;h4_phase=0.5932,0.0047093128969536375,0.9933034813828714,0.09608389931564676,0,0.011189555066450356,0.977812739521562,0.0,0.3447381111910771,0,0.01206824652479125,0.9396506514986486,0.5931502992286615,0,1.6492539654951544,1.3041180251000838e-12,169.95729314154875,24.933709358452248,22,ok,0.0003019760433587405,FAIL
FT8,0.00015429488805669217,h3_phase=0.0739;h4_phase=0.2377,0.002799162332001334,0.9988042611783463,0.04835671706099465,0,0.0034131255561993487,0.9953982172621204,0.0,0.07391400326445113,0,0.007011910584873838,0.987354156098268,0.23772951734407677,0,1.6492539654951544,1.3041180251000838e-12,169.95729314154875,24.933709358452248,22,ok,0.001049380843261876,FAIL
FT2,2.213932801215842e-06,,8.633945546705434e-06,0.7245347550548235,0.0003423340147663545,0,4.6742940660855626e-05,0.9209335076954028,0.0,0.0026229963702681935,0,0.00028535544493108004,0.9954129363243135,0.00938459039813555,0,1.4832217389252038,1.3496787321040386e-10,5.838388094020621,116275.75129504962,23,ok,1.4431953774003901e-05,PASS
FT3,2.5742384218710224e-06,,1.1208210771631527e-05,0.7502113441487863,0.00045136876718698815,0,6.400284169362626e-05,0.8907853951129182,0.0,0.0016543777927558595,0,0.0005132423989699466,0.98184453121855,0.01776448768968031,0,1.4832217389252038,1.3496787321040386e-10,5.838388094020621,116275.75129504962,23,ok,2.6137854142146745e-05,PASS
FT4,7.600105654087354e-07,,1.1568942346184043e-05,0.810440114566945,0.00036328979087019153,0,4.9813213779246434e-05,0.967243535439106,0.0,0.0023177053039518114,0,0.0003181446198438384,0.9977409334785591,0.00471288995723862,0,1.4832217389252038,1.3496787321040386e-10,5.838388094020621,116275.75129504962,23,ok,1.8186519320909448e-06,PASS
FT8,2.590000930858651e-06,,6.954901194778398e-06,0.7780636277991159,0.00034186679908559947,0,5.938753408813346e-05,0.9374592361765345,0.0,0.002474741415518622,0,0.0002811869125411009,0.9964852525545329,0.006947546511694381,0,1.4832217389252038,1.3496787321040386e-10,5.838388094020621,116275.75129504962,23,ok,2.0239587851538684e-05,PASS
