dataset_id,scenario_id,parameter,metric,n_anchors,median_delta,positive_count,negative_count,direction_stable,effect
FT2,A:x0.5,A,dc_nrmse,8,-0.0033709094221031632,3,5,False,unstable
FT2,A:x0.5,A,global_amplitude_h1,8,0.06713650709104496,8,0,True,higher_error
FT2,A:x0.5,A,global_amplitude_h2,8,0.013738298060545384,8,0,True,higher_error
FT2,A:x0.5,A,global_amplitude_h3,8,0.003197714315163469,7,1,True,higher_error
FT2,A:x0.5,A,global_phase_h1,8,0.0033178894589053765,7,1,True,higher_error
FT2,A:x0.5,A,global_phase_h2,8,-0.003611761188474734,4,4,False,unstable
FT2,A:x0.5,A,global_phase_h3,8,0.013914841949467682,6,2,True,higher_error
FT2,A:x0.5,A,lockin_amplitude_h1,8,0.04429701355141191,8,0,True,higher_error
FT2,A:x0.5,A,lockin_amplitude_h2,8,0.004902193906141938,8,0,True,higher_error
FT2,A:x0.5,A,lockin_amplitude_h3,8,0.0019513647515995713,8,0,True,higher_error
FT2,A:x0.5,A,lockin_peak_shift_h1,8,0.0,0,0,False,unstable
FT2,A:x0.5,A,lockin_peak_shift_h2,8,0.0,0,0,False,unstable
FT2,A:x0.5,A,lockin_peak_shift_h3,8,0.0,0,1,False,unstable
FT2,A:x0.5,A,lockin_phase_h1,8,0.003033024289455899,8,0,True,higher_error
FT2,A:x0.5,A,lockin_phase_h2,8,0.007804283616653751,5,3,False,unstable
FT2,A:x0.5,A,lockin_phase_h3,8,0.027066714393246927,7,1,True,higher_error
FT2,A:x0.5,A,lockin_valid_fraction,8,0.0,0,0,False,unstable
FT2,A:x0.5,A,score,8,0.11667136071913653,6,2,True,higher_error
FT2,A:x2,A,dc_nrmse,8,0.008181145894909302,5,3,False,unstable
FT2,A:x2,A,global_amplitude_h1,8,-0.13369660016382195,0,8,True,lower_error
FT2,A:x2,A,global_amplitude_h2,8,-0.0017798887470670266,1,7,True,lower_error
FT2,A:x2,A,global_amplitude_h3,8,-0.0040516025104966324,3,5,False,unstable
FT2,A:x2,A,global_phase_h1,8,-0.006842798569364983,1,7,True,lower_error
FT2,A:x2,A,global_phase_h2,8,0.022081444034492748,6,2,True,higher_error
FT2,A:x2,A,global_phase_h3,8,-0.03848034217454821,2,6,True,lower_error
FT2,A:x2,A,lockin_amplitude_h1,8,-0.08643115585563577,1,7,True,lower_error
FT2,A:x2,A,lockin_amplitude_h2,8,-0.0006851083110772094,1,7,True,lower_error
FT2,A:x2,A,lockin_amplitude_h3,8,-0.0005203573988932786,1,7,True,lower_error
FT2,A:x2,A,lockin_peak_shift_h1,8,0.0,0,0,False,unstable
FT2,A:x2,A,lockin_peak_shift_h2,8,0.0,0,0,False,unstable
FT2,A:x2,A,lockin_peak_shift_h3,8,0.0,0,0,False,unstable
FT2,A:x2,A,lockin_phase_h1,8,-0.0060554109787734345,0,8,True,lower_error
FT2,A:x2,A,lockin_phase_h2,8,-0.022065251098159433,2,6,True,lower_error
FT2,A:x2,A,lockin_phase_h3,8,-0.03828872464689048,1,7,True,lower_error
FT2,A:x2,A,lockin_valid_fraction,8,0.0,0,0,False,unstable
FT2,A:x2,A,score,8,-0.18696084503179744,2,6,True,lower_error
FT2,Cdl:x0.5,Cdl,dc_nrmse,8,0.00037841268649518867,7,1,True,higher_error
FT2,Cdl:x0.5,Cdl,global_amplitude_h1,8,0.06164484000874637,8,0,True,higher_error
FT2,Cdl:x0.5,Cdl,global_amplitude_h2,8,1.0712035132254272e-06,5,3,False,unstable
FT2,Cdl:x0.5,Cdl,global_amplitude_h3,8,-8.178401983693906e-06,3,5,False,unstable
FT2,Cdl:x0.5,Cdl,global_phase_h1,8,-0.0004994345307511305,3,5,False,unstable
FT2,Cdl:x0.5,Cdl,global_phase_h2,8,-0.008681436291883449,3,5,False,unstable
FT2,Cdl:x0.5,Cdl,global_phase_h3,8,0.016862830958833785,8,0,True,higher_error
FT2,Cdl:x0.5,Cdl,lockin_amplitude_h1,8,0.0433336686247604,8,0,True,higher_error
FT2,Cdl:x0.5,Cdl,lockin_amplitude_h2,8,-9.487737722135847e-07,3,5,False,unstable
FT2,Cdl:x0.5,Cdl,lockin_amplitude_h3,8,-2.9910969983337754e-06,2,6,True,lower_error
FT2,Cdl:x0.5,Cdl,lockin_peak_shift_h1,8,0.0,0,0,False,unstable
FT2,Cdl:x0.5,Cdl,lockin_peak_shift_h2,8,0.0,0,0,False,unstable
FT2,Cdl:x0.5,Cdl,lockin_peak_shift_h3,8,0.0,0,0,False,unstable
FT2,Cdl:x0.5,Cdl,lockin_phase_h1,8,0.0013444135028415072,5,3,False,unstable
FT2,Cdl:x0.5,Cdl,lockin_phase_h2,8,0.004701793676434529,6,2,True,higher_error
FT2,Cdl:x0.5,Cdl,lockin_phase_h3,8,0.01641639287411556,8,0,True,higher_error
FT2,Cdl:x0.5,Cdl,lockin_valid_fraction,8,0.0,0,0,False,unstable
FT2,Cdl:x0.5,Cdl,score,8,0.1556355028038663,8,0,True,higher_error
FT2,Cdl:x2,Cdl,dc_nrmse,8,-0.0007383168413933605,1,7,True,lower_error
FT2,Cdl:x2,Cdl,global_amplitude_h1,8,-0.12483195852281442,0,8,True,lower_error
FT2,Cdl:x2,Cdl,global_amplitude_h2,8,9.588554570338914e-07,4,4,False,unstable
FT2,Cdl:x2,Cdl,global_amplitude_h3,8,2.8033553585549154e-05,7,1,True,higher_error
FT2,Cdl:x2,Cdl,global_phase_h1,8,-0.003665752052018856,3,5,False,unstable
FT2,Cdl:x2,Cdl,global_phase_h2,8,0.022480642018773506,5,3,False,unstable
FT2,Cdl:x2,Cdl,global_phase_h3,8,-0.035967416097295035,0,8,True,lower_error
FT2,Cdl:x2,Cdl,lockin_amplitude_h1,8,-0.08618828668897471,0,8,True,lower_error
FT2,Cdl:x2,Cdl,lockin_amplitude_h2,8,9.409193926224191e-07,5,3,False,unstable
FT2,Cdl:x2,Cdl,lockin_amplitude_h3,8,2.6373089098696845e-07,4,4,False,unstable
FT2,Cdl:x2,Cdl,lockin_peak_shift_h1,8,0.0,0,1,False,unstable
FT2,Cdl:x2,Cdl,lockin_peak_shift_h2,8,0.0,0,0,False,unstable
FT2,Cdl:x2,Cdl,lockin_peak_shift_h3,8,0.0,0,0,False,unstable
FT2,Cdl:x2,Cdl,lockin_phase_h1,8,-0.005206780309502834,2,6,True,lower_error
FT2,Cdl:x2,Cdl,lockin_phase_h2,8,-0.0063485352848154375,2,6,True,lower_error
FT2,Cdl:x2,Cdl,lockin_phase_h3,8,-0.03366880426209584,0,8,True,lower_error
FT2,Cdl:x2,Cdl,lockin_valid_fraction,8,0.0,0,0,False,unstable
FT2,Cdl:x2,Cdl,score,8,-0.3537075059517498,0,8,True,lower_error
FT2,E0_pre:minus0.05,E0_pre,dc_nrmse,8,-0.0008942079378642664,2,6,True,lower_error
FT2,E0_pre:minus0.05,E0_pre,global_amplitude_h1,8,2.0147855069874154e-06,4,4,False,unstable
FT2,E0_pre:minus0.05,E0_pre,global_amplitude_h2,8,0.0004584264403928451,8,0,True,higher_error
FT2,E0_pre:minus0.05,E0_pre,global_amplitude_h3,8,0.00014353555761409094,5,3,False,unstable
FT2,E0_pre:minus0.05,E0_pre,global_phase_h1,8,0.00037864175257484867,6,2,True,higher_error
FT2,E0_pre:minus0.05,E0_pre,global_phase_h2,8,0.054183855410173676,6,2,True,higher_error
FT2,E0_pre:minus0.05,E0_pre,global_phase_h3,8,-0.34546817675630637,0,8,True,lower_error
FT2,E0_pre:minus0.05,E0_pre,lockin_amplitude_h1,8,2.2499382495988485e-07,4,4,False,unstable
FT2,E0_pre:minus0.05,E0_pre,lockin_amplitude_h2,8,-1.5510821311515155e-05,2,6,True,lower_error
FT2,E0_pre:minus0.05,E0_pre,lockin_amplitude_h3,8,1.1768805253387082e-06,4,4,False,unstable
FT2,E0_pre:minus0.05,E0_pre,lockin_peak_shift_h1,8,0.0,0,0,False,unstable
FT2,E0_pre:minus0.05,E0_pre,lockin_peak_shift_h2,8,0.0,0,0,False,unstable
FT2,E0_pre:minus0.05,E0_pre,lockin_peak_shift_h3,8,0.0,0,2,False,unstable
FT2,E0_pre:minus0.05,E0_pre,lockin_phase_h1,8,0.00014463214095106203,7,1,True,higher_error
FT2,E0_pre:minus0.05,E0_pre,lockin_phase_h2,8,0.20690333613056733,8,0,True,higher_error
FT2,E0_pre:minus0.05,E0_pre,lockin_phase_h3,8,0.42107947237148147,7,1,True,higher_error
FT2,E0_pre:minus0.05,E0_pre,lockin_valid_fraction,8,0.0,0,0,False,unstable
FT2,E0_pre:minus0.05,E0_pre,score,8,2.258816237993292,5,3,False,unstable
FT2,E0_pre:plus0.05,E0_pre,dc_nrmse,8,0.047452095483325116,5,3,False,unstable
FT2,E0_pre:plus0.05,E0_pre,global_amplitude_h1,8,-9.213231146992795e-05,2,6,True,lower_error
FT2,E0_pre:plus0.05,E0_pre,global_amplitude_h2,8,-0.005131508509403471,0,8,True,lower_error
FT2,E0_pre:plus0.05,E0_pre,global_amplitude_h3,8,-0.005151577686798858,3,5,False,unstable
FT2,E0_pre:plus0.05,E0_pre,global_phase_h1,8,-0.010290059525642603,2,6,True,lower_error
FT2,E0_pre:plus0.05,E0_pre,global_phase_h2,8,-0.014449144517819201,3,5,False,unstable
FT2,E0_pre:plus0.05,E0_pre,global_phase_h3,8,0.08477782677543466,6,2,True,higher_error
FT2,E0_pre:plus0.05,E0_pre,lockin_amplitude_h1,8,4.396025772568368e-06,7,1,True,higher_error
FT2,E0_pre:plus0.05,E0_pre,lockin_amplitude_h2,8,6.520227339634754e-05,7,1,True,higher_error
FT2,E0_pre:plus0.05,E0_pre,lockin_amplitude_h3,8,2.6427390736327716e-06,5,3,False,unstable
FT2,E0_pre:plus0.05,E0_pre,lockin_peak_shift_h1,8,0.0,0,2,False,unstable
FT2,E0_pre:plus0.05,E0_pre,lockin_peak_shift_h2,8,0.0,0,0,False,unstable
FT2,E0_pre:plus0.05,E0_pre,lockin_peak_shift_h3,8,0.0,0,0,False,unstable
FT2,E0_pre:plus0.05,E0_pre,lockin_phase_h1,8,-0.0001483917608472718,1,7,True,lower_error
FT2,E0_pre:plus0.05,E0_pre,lockin_phase_h2,8,-0.20626128623648832,0,8,True,lower_error
FT2,E0_pre:plus0.05,E0_pre,lockin_phase_h3,8,-0.28072857804412,0,8,True,lower_error
FT2,E0_pre:plus0.05,E0_pre,lockin_valid_fraction,8,0.0,0,0,False,unstable
FT2,E0_pre:plus0.05,E0_pre,score,8,0.1281858243578018,4,4,False,unstable
FT2,Ru:x0.5,Ru,dc_nrmse,8,-0.0033709094221031632,3,5,False,unstable
FT2,Ru:x0.5,Ru,global_amplitude_h1,8,-3.189854704876982e-06,2,6,True,lower_error
FT2,Ru:x0.5,Ru,global_amplitude_h2,8,9.648786866206516e-05,6,2,True,higher_error
FT2,Ru:x0.5,Ru,global_amplitude_h3,8,-0.00010838675270047338,3,5,False,unstable
FT2,Ru:x0.5,Ru,global_phase_h1,8,0.0033178894589053765,7,1,True,higher_error
FT2,Ru:x0.5,Ru,global_phase_h2,8,-0.003611761188474734,4,4,False,unstable
FT2,Ru:x0.5,Ru,global_phase_h3,8,0.013914841949467682,6,2,True,higher_error
FT2,Ru:x0.5,Ru,lockin_amplitude_h1,8,-1.9276106917320845e-06,1,7,True,lower_error
FT2,Ru:x0.5,Ru,lockin_amplitude_h2,8,1.203014668438307e-07,5,3,False,unstable
FT2,Ru:x0.5,Ru,lockin_amplitude_h3,8,-5.339131404102915e-06,3,5,False,unstable
FT2,Ru:x0.5,Ru,lockin_peak_shift_h1,8,0.0,0,0,False,unstable
FT2,Ru:x0.5,Ru,lockin_peak_shift_h2,8,0.0,0,0,False,unstable
FT2,Ru:x0.5,Ru,lockin_peak_shift_h3,8,0.0,0,1,False,unstable
FT2,Ru:x0.5,Ru,lockin_phase_h1,8,0.003033024289455899,8,0,True,higher_error
FT2,Ru:x0.5,Ru,lockin_phase_h2,8,0.007804283616653751,5,3,False,unstable
FT2,Ru:x0.5,Ru,lockin_phase_h3,8,0.027066714393246927,7,1,True,higher_error
FT2,Ru:x0.5,Ru,lockin_valid_fraction,8,0.0,0,0,False,unstable
FT2,Ru:x0.5,Ru,score,8,0.11667136071913653,6,2,True,higher_error
FT2,Ru:x2,Ru,dc_nrmse,8,0.008181145894909302,5,3,False,unstable
FT2,Ru:x2,Ru,global_amplitude_h1,8,1.0173202428687134e-05,6,2,True,higher_error
FT2,Ru:x2,Ru,global_amplitude_h2,8,-0.00028926519046018617,3,5,False,unstable
FT2,Ru:x2,Ru,global_amplitude_h3,8,0.00011579124306387856,5,3,False,unstable
FT2,Ru:x2,Ru,global_phase_h1,8,-0.006842798569364983,1,7,True,lower_error
FT2,Ru:x2,Ru,global_phase_h2,8,0.022081444034492748,6,2,True,higher_error
FT2,Ru:x2,Ru,global_phase_h3,8,-0.03848034217454821,2,6,True,lower_error
FT2,Ru:x2,Ru,lockin_amplitude_h1,8,8.692162206480614e-05,8,0,True,higher_error
FT2,Ru:x2,Ru,lockin_amplitude_h2,8,0.0004256975549965236,8,0,True,higher_error
FT2,Ru:x2,Ru,lockin_amplitude_h3,8,0.0003625873106907207,8,0,True,higher_error
FT2,Ru:x2,Ru,lockin_peak_shift_h1,8,0.0,0,0,False,unstable
FT2,Ru:x2,Ru,lockin_peak_shift_h2,8,0.0,0,0,False,unstable
FT2,Ru:x2,Ru,lockin_peak_shift_h3,8,0.0,0,0,False,unstable
FT2,Ru:x2,Ru,lockin_phase_h1,8,-0.0060554109787734345,0,8,True,lower_error
FT2,Ru:x2,Ru,lockin_phase_h2,8,-0.022065251098159433,2,6,True,lower_error
FT2,Ru:x2,Ru,lockin_phase_h3,8,-0.03828872464689048,1,7,True,lower_error
FT2,Ru:x2,Ru,lockin_valid_fraction,8,0.0,0,0,False,unstable
FT2,Ru:x2,Ru,score,8,-0.3230516355966273,1,7,True,lower_error
FT2,gamma:x0.5,gamma,dc_nrmse,8,-0.007431771145639962,2,6,True,lower_error
FT2,gamma:x0.5,gamma,global_amplitude_h1,8,0.004733692643000276,8,0,True,higher_error
FT2,gamma:x0.5,gamma,global_amplitude_h2,8,0.01373196164185142,8,0,True,higher_error
FT2,gamma:x0.5,gamma,global_amplitude_h3,8,0.003217772791771323,7,1,True,higher_error
FT2,gamma:x0.5,gamma,global_phase_h1,8,0.001812656825075698,6,2,True,higher_error
FT2,gamma:x0.5,gamma,global_phase_h2,8,0.0011316911479793412,5,3,False,unstable
FT2,gamma:x0.5,gamma,global_phase_h3,8,-0.0039310855249288235,3,5,False,unstable
FT2,gamma:x0.5,gamma,lockin_amplitude_h1,8,0.0008959758948524077,8,0,True,higher_error
FT2,gamma:x0.5,gamma,lockin_amplitude_h2,8,0.004895621104741121,8,0,True,higher_error
FT2,gamma:x0.5,gamma,lockin_amplitude_h3,8,0.001949877755973356,8,0,True,higher_error
FT2,gamma:x0.5,gamma,lockin_peak_shift_h1,8,0.0,0,1,False,unstable
FT2,gamma:x0.5,gamma,lockin_peak_shift_h2,8,0.0,0,0,False,unstable
FT2,gamma:x0.5,gamma,lockin_peak_shift_h3,8,0.0,0,1,False,unstable
FT2,gamma:x0.5,gamma,lockin_phase_h1,8,0.0008472072488343585,6,2,True,higher_error
FT2,gamma:x0.5,gamma,lockin_phase_h2,8,0.006290380735388401,7,1,True,higher_error
FT2,gamma:x0.5,gamma,lockin_phase_h3,8,-0.00628490058944553,3,5,False,unstable
FT2,gamma:x0.5,gamma,lockin_valid_fraction,8,0.0,0,0,False,unstable
FT2,gamma:x0.5,gamma,score,8,-0.005389065165751106,3,5,False,unstable
FT2,gamma:x2,gamma,dc_nrmse,8,0.008337337881255636,6,2,True,higher_error
FT2,gamma:x2,gamma,global_amplitude_h1,8,-0.010798897686878361,0,8,True,lower_error
FT2,gamma:x2,gamma,global_amplitude_h2,8,-0.001774875013714483,1,7,True,lower_error
FT2,gamma:x2,gamma,global_amplitude_h3,8,-0.00407108159586983,3,5,False,unstable
FT2,gamma:x2,gamma,global_phase_h1,8,-0.003963155972675325,2,6,True,lower_error
FT2,gamma:x2,gamma,global_phase_h2,8,0.008802215737172547,5,3,False,unstable
FT2,gamma:x2,gamma,global_phase_h3,8,-0.002926414657229981,3,5,False,unstable
FT2,gamma:x2,gamma,lockin_amplitude_h1,8,-7.651422676502317e-05,1,7,True,lower_error
FT2,gamma:x2,gamma,lockin_amplitude_h2,8,-0.0006853515282369549,1,7,True,lower_error
FT2,gamma:x2,gamma,lockin_amplitude_h3,8,-0.0005218023322256238,1,7,True,lower_error
FT2,gamma:x2,gamma,lockin_peak_shift_h1,8,0.0,0,0,False,unstable
FT2,gamma:x2,gamma,lockin_peak_shift_h2,8,0.0,0,0,False,unstable
FT2,gamma:x2,gamma,lockin_peak_shift_h3,8,0.0,0,0,False,unstable
FT2,gamma:x2,gamma,lockin_phase_h1,8,-0.0016871485522903795,2,6,True,lower_error
FT2,gamma:x2,gamma,lockin_phase_h2,8,-0.0004018700223351601,4,4,False,unstable
FT2,gamma:x2,gamma,lockin_phase_h3,8,-0.0028135271619547098,3,5,False,unstable
FT2,gamma:x2,gamma,lockin_valid_fraction,8,0.0,0,0,False,unstable
FT2,gamma:x2,gamma,score,8,-0.02666939964134052,3,5,False,unstable
FT2,k0_4:x0.5,k0_4,dc_nrmse,8,1.3002562822272967e-07,6,2,True,higher_error
FT2,k0_4:x0.5,k0_4,global_amplitude_h1,8,3.1649573128955666e-08,5,3,False,unstable
FT2,k0_4:x0.5,k0_4,global_amplitude_h2,8,9.205717871330066e-08,4,4,False,unstable
FT2,k0_4:x0.5,k0_4,global_amplitude_h3,8,-2.4467711238207457e-06,1,7,True,lower_error
FT2,k0_4:x0.5,k0_4,global_phase_h1,8,1.0128699368117111e-06,6,2,True,higher_error
FT2,k0_4:x0.5,k0_4,global_phase_h2,8,7.036022545925391e-06,6,2,True,higher_error
FT2,k0_4:x0.5,k0_4,global_phase_h3,8,-3.997989102777488e-06,3,5,False,unstable
FT2,k0_4:x0.5,k0_4,lockin_amplitude_h1,8,-4.39103196026025e-08,4,4,False,unstable
FT2,k0_4:x0.5,k0_4,lockin_amplitude_h2,8,-1.2933931059500026e-07,2,6,True,lower_error
FT2,k0_4:x0.5,k0_4,lockin_amplitude_h3,8,1.890342911925469e-07,5,3,False,unstable
FT2,k0_4:x0.5,k0_4,lockin_peak_shift_h1,8,0.0,0,0,False,unstable
FT2,k0_4:x0.5,k0_4,lockin_peak_shift_h2,8,0.0,0,0,False,unstable
FT2,k0_4:x0.5,k0_4,lockin_peak_shift_h3,8,0.0,0,0,False,unstable
FT2,k0_4:x0.5,k0_4,lockin_phase_h1,8,1.2138816872786506e-06,6,2,True,higher_error
FT2,k0_4:x0.5,k0_4,lockin_phase_h2,8,-3.094940447184724e-05,4,4,False,unstable
FT2,k0_4:x0.5,k0_4,lockin_phase_h3,8,6.723530803220967e-07,4,4,False,unstable
FT2,k0_4:x0.5,k0_4,lockin_valid_fraction,8,0.0,0,0,False,unstable
FT2,k0_4:x0.5,k0_4,score,8,-3.619184824721344e-05,3,5,False,unstable
FT2,k0_4:x2,k0_4,dc_nrmse,8,-5.012714765061793e-07,3,5,False,unstable
FT2,k0_4:x2,k0_4,global_amplitude_h1,8,-7.018157160976202e-08,3,5,False,unstable
FT2,k0_4:x2,k0_4,global_amplitude_h2,8,-1.7156240317284244e-10,4,4,False,unstable
FT2,k0_4:x2,k0_4,global_amplitude_h3,8,7.959458657724738e-07,4,4,False,unstable
FT2,k0_4:x2,k0_4,global_phase_h1,8,3.908366245086725e-07,4,4,False,unstable
FT2,k0_4:x2,k0_4,global_phase_h2,8,4.6777967788180774e-07,5,3,False,unstable
FT2,k0_4:x2,k0_4,global_phase_h3,8,3.1517742824505035e-06,6,2,True,higher_error
FT2,k0_4:x2,k0_4,lockin_amplitude_h1,8,-9.689252061795273e-08,2,6,True,lower_error
FT2,k0_4:x2,k0_4,lockin_amplitude_h2,8,-1.9425720731991447e-07,3,5,False,unstable
FT2,k0_4:x2,k0_4,lockin_amplitude_h3,8,-4.4616657549068073e-07,3,5,False,unstable
FT2,k0_4:x2,k0_4,lockin_peak_shift_h1,8,0.0,0,1,False,unstable
FT2,k0_4:x2,k0_4,lockin_peak_shift_h2,8,0.0,0,0,False,unstable
FT2,k0_4:x2,k0_4,lockin_peak_shift_h3,8,0.0,0,0,False,unstable
FT2,k0_4:x2,k0_4,lockin_phase_h1,8,1.0165979374698875e-06,6,2,True,higher_error
FT2,k0_4:x2,k0_4,lockin_phase_h2,8,-1.3981329124390651e-05,3,5,False,unstable
FT2,k0_4:x2,k0_4,lockin_phase_h3,8,-1.454936989220279e-06,4,4,False,unstable
FT2,k0_4:x2,k0_4,lockin_valid_fraction,8,0.0,0,0,False,unstable
FT2,k0_4:x2,k0_4,score,8,0.00014753431597469557,6,2,True,higher_error
FT2,k0_pre:x0.5,k0_pre,dc_nrmse,8,0.00022859245266777795,5,3,False,unstable
FT2,k0_pre:x0.5,k0_pre,global_amplitude_h1,8,2.102032146122923e-07,5,3,False,unstable
FT2,k0_pre:x0.5,k0_pre,global_amplitude_h2,8,-3.889758613789818e-05,1,7,True,lower_error
FT2,k0_pre:x0.5,k0_pre,global_amplitude_h3,8,-0.00013738037187061014,2,6,True,lower_error
FT2,k0_pre:x0.5,k0_pre,global_phase_h1,8,-5.806743307434914e-05,2,6,True,lower_error
FT2,k0_pre:x0.5,k0_pre,global_phase_h2,8,0.002040673585321562,5,3,False,unstable
FT2,k0_pre:x0.5,k0_pre,global_phase_h3,8,0.0002928981106615769,5,3,False,unstable
FT2,k0_pre:x0.5,k0_pre,lockin_amplitude_h1,8,9.744033159231336e-07,7,1,True,higher_error
FT2,k0_pre:x0.5,k0_pre,lockin_amplitude_h2,8,5.679799403190966e-06,6,2,True,higher_error
FT2,k0_pre:x0.5,k0_pre,lockin_amplitude_h3,8,9.142862419098119e-07,4,4,False,unstable
FT2,k0_pre:x0.5,k0_pre,lockin_peak_shift_h1,8,0.0,0,1,False,unstable
FT2,k0_pre:x0.5,k0_pre,lockin_peak_shift_h2,8,0.0,0,0,False,unstable
FT2,k0_pre:x0.5,k0_pre,lockin_peak_shift_h3,8,0.0,0,1,False,unstable
FT2,k0_pre:x0.5,k0_pre,lockin_phase_h1,8,-1.9305958583237803e-05,1,7,True,lower_error
FT2,k0_pre:x0.5,k0_pre,lockin_phase_h2,8,-0.020123391193151152,1,7,True,lower_error
FT2,k0_pre:x0.5,k0_pre,lockin_phase_h3,8,-0.05140353323100666,1,7,True,lower_error
FT2,k0_pre:x0.5,k0_pre,lockin_valid_fraction,8,0.0,0,0,False,unstable
FT2,k0_pre:x0.5,k0_pre,score,8,-0.07924926654538922,2,6,True,lower_error
FT2,k0_pre:x2,k0_pre,dc_nrmse,8,-0.0002041887567554579,3,5,False,unstable
FT2,k0_pre:x2,k0_pre,global_amplitude_h1,8,-5.552693793653418e-08,4,4,False,unstable
FT2,k0_pre:x2,k0_pre,global_amplitude_h2,8,1.971894795532725e-05,7,1,True,higher_error
FT2,k0_pre:x2,k0_pre,global_amplitude_h3,8,6.33990627569303e-05,7,1,True,higher_error
FT2,k0_pre:x2,k0_pre,global_phase_h1,8,3.430501466222813e-05,5,3,False,unstable
FT2,k0_pre:x2,k0_pre,global_phase_h2,8,0.0010294548663587477,5,3,False,unstable
FT2,k0_pre:x2,k0_pre,global_phase_h3,8,-0.001441790913192409,3,5,False,unstable
FT2,k0_pre:x2,k0_pre,lockin_amplitude_h1,8,-7.551183446863341e-07,1,7,True,lower_error
FT2,k0_pre:x2,k0_pre,lockin_amplitude_h2,8,-3.4567765074822177e-06,3,5,False,unstable
FT2,k0_pre:x2,k0_pre,lockin_amplitude_h3,8,-2.7905156437524337e-06,2,6,True,lower_error
FT2,k0_pre:x2,k0_pre,lockin_peak_shift_h1,8,0.0,0,0,False,unstable
FT2,k0_pre:x2,k0_pre,lockin_peak_shift_h2,8,0.0,0,0,False,unstable
FT2,k0_pre:x2,k0_pre,lockin_peak_shift_h3,8,0.0,0,0,False,unstable
FT2,k0_pre:x2,k0_pre,lockin_phase_h1,8,1.4746898378908968e-05,7,1,True,higher_error
FT2,k0_pre:x2,k0_pre,lockin_phase_h2,8,0.017844550218795052,8,0,True,higher_error
FT2,k0_pre:x2,k0_pre,lockin_phase_h3,8,0.031926332145064795,8,0,True,higher_error
FT2,k0_pre:x2,k0_pre,lockin_valid_fraction,8,0.0,0,0,False,unstable
FT2,k0_pre:x2,k0_pre,score,8,0.16143325543607467,7,1,True,higher_error
FT2,scaling_OOH_OH:minus0.2,scaling_OOH_OH,dc_nrmse,8,-0.07002971119176638,2,6,True,lower_error
FT2,scaling_OOH_OH:minus0.2,scaling_OOH_OH,global_amplitude_h1,8,-0.0018482536069843736,1,7,True,lower_error
FT2,scaling_OOH_OH:minus0.2,scaling_OOH_OH,global_amplitude_h2,8,-0.059706629104371245,1,7,True,lower_error
FT2,scaling_OOH_OH:minus0.2,scaling_OOH_OH,global_amplitude_h3,8,-0.06673702633378581,3,5,False,unstable
FT2,scaling_OOH_OH:minus0.2,scaling_OOH_OH,global_phase_h1,8,-0.0412716374513353,3,5,False,unstable
FT2,scaling_OOH_OH:minus0.2,scaling_OOH_OH,global_phase_h2,8,0.06522463726407124,5,3,False,unstable
FT2,scaling_OOH_OH:minus0.2,scaling_OOH_OH,global_phase_h3,8,-0.0628973205147717,2,6,True,lower_error
FT2,scaling_OOH_OH:minus0.2,scaling_OOH_OH,lockin_amplitude_h1,8,-0.0020124965311380527,1,7,True,lower_error
FT2,scaling_OOH_OH:minus0.2,scaling_OOH_OH,lockin_amplitude_h2,8,-0.013427992739286632,1,7,True,lower_error
FT2,scaling_OOH_OH:minus0.2,scaling_OOH_OH,lockin_amplitude_h3,8,-0.017706976143852304,1,7,True,lower_error
FT2,scaling_OOH_OH:minus0.2,scaling_OOH_OH,lockin_peak_shift_h1,8,-0.21503444473922695,0,5,False,unstable
FT2,scaling_OOH_OH:minus0.2,scaling_OOH_OH,lockin_peak_shift_h2,8,0.0,0,2,False,unstable
FT2,scaling_OOH_OH:minus0.2,scaling_OOH_OH,lockin_peak_shift_h3,8,-0.08542464243065184,0,4,False,unstable
FT2,scaling_OOH_OH:minus0.2,scaling_OOH_OH,lockin_phase_h1,8,-0.028715228453543767,2,6,True,lower_error
FT2,scaling_OOH_OH:minus0.2,scaling_OOH_OH,lockin_phase_h2,8,-0.16499461737186893,1,7,True,lower_error
FT2,scaling_OOH_OH:minus0.2,scaling_OOH_OH,lockin_phase_h3,8,0.2623914853716739,8,0,True,higher_error
FT2,scaling_OOH_OH:minus0.2,scaling_OOH_OH,lockin_valid_fraction,8,0.0,0,0,False,unstable
FT2,scaling_OOH_OH:minus0.2,scaling_OOH_OH,score,8,1.2152447370387467,7,1,True,higher_error
FT2,scaling_OOH_OH:plus0.2,scaling_OOH_OH,dc_nrmse,8,0.10580203804476371,8,0,True,higher_error
FT2,scaling_OOH_OH:plus0.2,scaling_OOH_OH,global_amplitude_h1,8,0.00020336901532652663,8,0,True,higher_error
FT2,scaling_OOH_OH:plus0.2,scaling_OOH_OH,global_amplitude_h2,8,0.0010688805926965528,6,2,True,higher_error
FT2,scaling_OOH_OH:plus0.2,scaling_OOH_OH,global_amplitude_h3,8,0.004685150748593325,7,1,True,higher_error
FT2,scaling_OOH_OH:plus0.2,scaling_OOH_OH,global_phase_h1,8,0.003659747391932866,7,1,True,higher_error
FT2,scaling_OOH_OH:plus0.2,scaling_OOH_OH,global_phase_h2,8,0.5942063498468163,6,2,True,higher_error
FT2,scaling_OOH_OH:plus0.2,scaling_OOH_OH,global_phase_h3,8,0.25197049683862927,7,1,True,higher_error
FT2,scaling_OOH_OH:plus0.2,scaling_OOH_OH,lockin_amplitude_h1,8,4.59573546364167e-05,5,3,False,unstable
FT2,scaling_OOH_OH:plus0.2,scaling_OOH_OH,lockin_amplitude_h2,8,0.0006407917449429701,8,0,True,higher_error
FT2,scaling_OOH_OH:plus0.2,scaling_OOH_OH,lockin_amplitude_h3,8,0.0006842468559283277,8,0,True,higher_error
FT2,scaling_OOH_OH:plus0.2,scaling_OOH_OH,lockin_peak_shift_h1,8,0.0,1,0,False,unstable
FT2,scaling_OOH_OH:plus0.2,scaling_OOH_OH,lockin_peak_shift_h2,8,0.10751722236961347,4,0,False,unstable
FT2,scaling_OOH_OH:plus0.2,scaling_OOH_OH,lockin_peak_shift_h3,8,0.0,2,0,False,unstable
FT2,scaling_OOH_OH:plus0.2,scaling_OOH_OH,lockin_phase_h1,8,0.002784162700981113,7,1,True,higher_error
FT2,scaling_OOH_OH:plus0.2,scaling_OOH_OH,lockin_phase_h2,8,0.32789171045830745,7,1,True,higher_error
FT2,scaling_OOH_OH:plus0.2,scaling_OOH_OH,lockin_phase_h3,8,-0.09066216541052763,2,6,True,lower_error
FT2,scaling_OOH_OH:plus0.2,scaling_OOH_OH,lockin_valid_fraction,8,0.0,0,0,False,unstable
FT2,scaling_OOH_OH:plus0.2,scaling_OOH_OH,score,8,2.8787927536359454,7,1,True,higher_error
FT3,A:x0.5,A,dc_nrmse,8,0.015514019230661355,6,2,True,higher_error
FT3,A:x0.5,A,global_amplitude_h1,8,0.06312069771474804,5,3,False,unstable
FT3,A:x0.5,A,global_amplitude_h2,8,0.03629424393595693,5,3,False,unstable
FT3,A:x0.5,A,global_amplitude_h3,8,0.09057252456236697,5,3,False,unstable
FT3,A:x0.5,A,global_phase_h1,8,0.014117567694362454,5,3,False,unstable
FT3,A:x0.5,A,global_phase_h2,8,0.011084193024952338,6,2,True,higher_error
FT3,A:x0.5,A,global_phase_h3,8,0.019757805441625302,7,1,True,higher_error
FT3,A:x0.5,A,lockin_amplitude_h1,8,0.012365487796787283,5,3,False,unstable
FT3,A:x0.5,A,lockin_amplitude_h2,8,0.003725383608557453,5,3,False,unstable
FT3,A:x0.5,A,lockin_amplitude_h3,8,0.01663199383354111,6,2,True,higher_error
FT3,A:x0.5,A,lockin_peak_shift_h1,8,0.0,0,0,False,unstable
FT3,A:x0.5,A,lockin_peak_shift_h2,8,0.0,1,0,False,unstable
FT3,A:x0.5,A,lockin_peak_shift_h3,8,0.0,3,1,False,unstable
FT3,A:x0.5,A,lockin_phase_h1,8,0.001834016886716805,5,3,False,unstable
FT3,A:x0.5,A,lockin_phase_h2,8,0.011094372648779632,5,3,False,unstable
FT3,A:x0.5,A,lockin_phase_h3,8,-0.006280658782503723,2,6,True,lower_error
FT3,A:x0.5,A,lockin_valid_fraction,8,0.0,0,0,False,unstable
FT3,A:x0.5,A,score,8,0.1344615684853876,5,3,False,unstable
FT3,A:x2,A,dc_nrmse,8,-0.015082790843865601,2,6,True,lower_error
FT3,A:x2,A,global_amplitude_h1,8,-0.12685960050959788,3,5,False,unstable
FT3,A:x2,A,global_amplitude_h2,8,-0.07243340029698092,3,5,False,unstable
FT3,A:x2,A,global_amplitude_h3,8,0.1041069031437689,5,3,False,unstable
FT3,A:x2,A,global_phase_h1,8,-0.024029842214476564,3,5,False,unstable
FT3,A:x2,A,global_phase_h2,8,-0.023116146578165075,2,6,True,lower_error
FT3,A:x2,A,global_phase_h3,8,-0.051095572866784233,0,8,True,lower_error
FT3,A:x2,A,lockin_amplitude_h1,8,-0.023547822099070137,3,5,False,unstable
FT3,A:x2,A,lockin_amplitude_h2,8,-0.007190904890474414,3,5,False,unstable
FT3,A:x2,A,lockin_amplitude_h3,8,0.054590193156546424,5,3,False,unstable
FT3,A:x2,A,lockin_peak_shift_h1,8,0.0,1,0,False,unstable
FT3,A:x2,A,lockin_peak_shift_h2,8,0.0,3,0,False,unstable
FT3,A:x2,A,lockin_peak_shift_h3,8,0.0,3,1,False,unstable
FT3,A:x2,A,lockin_phase_h1,8,-0.004911085405376436,3,5,False,unstable
FT3,A:x2,A,lockin_phase_h2,8,-0.016813586341145936,2,6,True,lower_error
FT3,A:x2,A,lockin_phase_h3,8,0.006418365095962553,5,3,False,unstable
FT3,A:x2,A,lockin_valid_fraction,8,0.0,0,0,False,unstable
FT3,A:x2,A,score,8,1.2341979181499099,5,3,False,unstable
FT3,Cdl:x0.5,Cdl,dc_nrmse,8,2.798135601933538e-05,8,0,True,higher_error
FT3,Cdl:x0.5,Cdl,global_amplitude_h1,8,0.01625702361155984,5,3,False,unstable
FT3,Cdl:x0.5,Cdl,global_amplitude_h2,8,-1.4007302164609214e-05,2,6,True,lower_error
FT3,Cdl:x0.5,Cdl,global_amplitude_h3,8,-8.435320765753929e-05,2,6,True,lower_error
FT3,Cdl:x0.5,Cdl,global_phase_h1,8,-0.15581235787304037,3,5,False,unstable
FT3,Cdl:x0.5,Cdl,global_phase_h2,8,0.010838087869057489,8,0,True,higher_error
FT3,Cdl:x0.5,Cdl,global_phase_h3,8,0.015689566075563696,8,0,True,higher_error
FT3,Cdl:x0.5,Cdl,lockin_amplitude_h1,8,0.005836133813723776,7,1,True,higher_error
FT3,Cdl:x0.5,Cdl,lockin_amplitude_h2,8,-3.02298022519798e-06,3,5,False,unstable
FT3,Cdl:x0.5,Cdl,lockin_amplitude_h3,8,-9.332821462398888e-06,2,6,True,lower_error
FT3,Cdl:x0.5,Cdl,lockin_peak_shift_h1,8,0.0,0,0,False,unstable
FT3,Cdl:x0.5,Cdl,lockin_peak_shift_h2,8,0.0,0,0,False,unstable
FT3,Cdl:x0.5,Cdl,lockin_peak_shift_h3,8,0.0,0,0,False,unstable
FT3,Cdl:x0.5,Cdl,lockin_phase_h1,8,-0.04196067619866051,3,5,False,unstable
FT3,Cdl:x0.5,Cdl,lockin_phase_h2,8,0.005841205961059581,7,1,True,higher_error
FT3,Cdl:x0.5,Cdl,lockin_phase_h3,8,0.01089550536413264,6,2,True,higher_error
FT3,Cdl:x0.5,Cdl,lockin_valid_fraction,8,0.0,0,0,False,unstable
FT3,Cdl:x0.5,Cdl,score,8,0.0937561506402309,6,2,True,higher_error
FT3,Cdl:x2,Cdl,dc_nrmse,8,-5.301369005095147e-05,0,8,True,lower_error
FT3,Cdl:x2,Cdl,global_amplitude_h1,8,-0.055290277758494544,3,5,False,unstable
FT3,Cdl:x2,Cdl,global_amplitude_h2,8,2.8459849372830526e-05,5,3,False,unstable
FT3,Cdl:x2,Cdl,global_amplitude_h3,8,0.00013296759193504037,5,3,False,unstable
FT3,Cdl:x2,Cdl,global_phase_h1,8,0.10480447264962134,5,3,False,unstable
FT3,Cdl:x2,Cdl,global_phase_h2,8,-0.02161981611689435,0,8,True,lower_error
FT3,Cdl:x2,Cdl,global_phase_h3,8,-0.031105646858402322,0,8,True,lower_error
FT3,Cdl:x2,Cdl,lockin_amplitude_h1,8,-0.013107386102133994,1,7,True,lower_error
FT3,Cdl:x2,Cdl,lockin_amplitude_h2,8,4.940305413092538e-06,5,3,False,unstable
FT3,Cdl:x2,Cdl,lockin_amplitude_h3,8,1.5000359232186788e-05,5,3,False,unstable
FT3,Cdl:x2,Cdl,lockin_peak_shift_h1,8,0.0,1,0,False,unstable
FT3,Cdl:x2,Cdl,lockin_peak_shift_h2,8,0.0,0,0,False,unstable
FT3,Cdl:x2,Cdl,lockin_peak_shift_h3,8,0.0,0,0,False,unstable
FT3,Cdl:x2,Cdl,lockin_phase_h1,8,0.029266217905993375,5,3,False,unstable
FT3,Cdl:x2,Cdl,lockin_phase_h2,8,-0.003000646077031155,3,5,False,unstable
FT3,Cdl:x2,Cdl,lockin_phase_h3,8,-0.021285811928251963,2,6,True,lower_error
FT3,Cdl:x2,Cdl,lockin_valid_fraction,8,0.0,0,0,False,unstable
FT3,Cdl:x2,Cdl,score,8,0.09852410285381286,5,3,False,unstable
FT3,E0_pre:minus0.05,E0_pre,dc_nrmse,8,-0.0001356523362441922,1,7,True,lower_error
FT3,E0_pre:minus0.05,E0_pre,global_amplitude_h1,8,0.00027486715188468347,5,3,False,unstable
FT3,E0_pre:minus0.05,E0_pre,global_amplitude_h2,8,0.011702359094294179,6,2,True,higher_error
FT3,E0_pre:minus0.05,E0_pre,global_amplitude_h3,8,0.03524659753980528,6,2,True,higher_error
FT3,E0_pre:minus0.05,E0_pre,global_phase_h1,8,0.007798396854117318,5,3,False,unstable
FT3,E0_pre:minus0.05,E0_pre,global_phase_h2,8,0.027420341872601117,6,2,True,higher_error
FT3,E0_pre:minus0.05,E0_pre,global_phase_h3,8,-0.028510985775974315,2,6,True,lower_error
FT3,E0_pre:minus0.05,E0_pre,lockin_amplitude_h1,8,-2.766204973136954e-07,2,6,True,lower_error
FT3,E0_pre:minus0.05,E0_pre,lockin_amplitude_h2,8,8.16541865403253e-06,6,2,True,higher_error
FT3,E0_pre:minus0.05,E0_pre,lockin_amplitude_h3,8,-9.433011572551608e-05,4,4,False,unstable
FT3,E0_pre:minus0.05,E0_pre,lockin_peak_shift_h1,8,0.0,0,0,False,unstable
FT3,E0_pre:minus0.05,E0_pre,lockin_peak_shift_h2,8,0.0,0,0,False,unstable
FT3,E0_pre:minus0.05,E0_pre,lockin_peak_shift_h3,8,0.0,0,1,False,unstable
FT3,E0_pre:minus0.05,E0_pre,lockin_phase_h1,8,-0.0003062974950102104,3,5,False,unstable
FT3,E0_pre:minus0.05,E0_pre,lockin_phase_h2,8,0.09256375585180346,8,0,True,higher_error
FT3,E0_pre:minus0.05,E0_pre,lockin_phase_h3,8,0.1498076013603581,8,0,True,higher_error
FT3,E0_pre:minus0.05,E0_pre,lockin_valid_fraction,8,0.0,0,0,False,unstable
FT3,E0_pre:minus0.05,E0_pre,score,8,0.9826473567773331,8,0,True,higher_error
FT3,E0_pre:plus0.05,E0_pre,dc_nrmse,8,0.00016996164477677336,6,2,True,higher_error
FT3,E0_pre:plus0.05,E0_pre,global_amplitude_h1,8,0.00017892760326482238,5,3,False,unstable
FT3,E0_pre:plus0.05,E0_pre,global_amplitude_h2,8,-0.01323757544956275,3,5,False,unstable
FT3,E0_pre:plus0.05,E0_pre,global_amplitude_h3,8,-0.04020955731149195,2,6,True,lower_error
FT3,E0_pre:plus0.05,E0_pre,global_phase_h1,8,-0.005012702278531997,3,5,False,unstable
FT3,E0_pre:plus0.05,E0_pre,global_phase_h2,8,-0.03692701512270036,2,6,True,lower_error
FT3,E0_pre:plus0.05,E0_pre,global_phase_h3,8,-0.024304141030760174,3,5,False,unstable
FT3,E0_pre:plus0.05,E0_pre,lockin_amplitude_h1,8,1.585063172204748e-05,6,2,True,higher_error
FT3,E0_pre:plus0.05,E0_pre,lockin_amplitude_h2,8,4.240304019845209e-05,4,4,False,unstable
FT3,E0_pre:plus0.05,E0_pre,lockin_amplitude_h3,8,0.0031439217937710984,5,3,False,unstable
FT3,E0_pre:plus0.05,E0_pre,lockin_peak_shift_h1,8,0.0,1,0,False,unstable
FT3,E0_pre:plus0.05,E0_pre,lockin_peak_shift_h2,8,0.0,1,0,False,unstable
FT3,E0_pre:plus0.05,E0_pre,lockin_peak_shift_h3,8,0.0,3,0,False,unstable
FT3,E0_pre:plus0.05,E0_pre,lockin_phase_h1,8,0.0007389929863005906,4,4,False,unstable
FT3,E0_pre:plus0.05,E0_pre,lockin_phase_h2,8,-0.11333739436494447,1,7,True,lower_error
FT3,E0_pre:plus0.05,E0_pre,lockin_phase_h3,8,-0.11156547084010737,0,8,True,lower_error
FT3,E0_pre:plus0.05,E0_pre,lockin_valid_fraction,8,0.0,0,0,False,unstable
FT3,E0_pre:plus0.05,E0_pre,score,8,-0.07593760871292332,3,5,False,unstable
FT3,Ru:x0.5,Ru,dc_nrmse,8,0.015514019230661355,6,2,True,higher_error
FT3,Ru:x0.5,Ru,global_amplitude_h1,8,0.0011207930163535385,5,3,False,unstable
FT3,Ru:x0.5,Ru,global_amplitude_h2,8,0.004475395343340405,5,3,False,unstable
FT3,Ru:x0.5,Ru,global_amplitude_h3,8,0.14881212733896454,4,4,False,unstable
FT3,Ru:x0.5,Ru,global_phase_h1,8,0.014117567694362454,5,3,False,unstable
FT3,Ru:x0.5,Ru,global_phase_h2,8,0.011084193024952338,6,2,True,higher_error
FT3,Ru:x0.5,Ru,global_phase_h3,8,0.019757805441625302,7,1,True,higher_error
FT3,Ru:x0.5,Ru,lockin_amplitude_h1,8,-2.4316796687573472e-05,3,5,False,unstable
FT3,Ru:x0.5,Ru,lockin_amplitude_h2,8,-4.341569257143574e-05,3,5,False,unstable
FT3,Ru:x0.5,Ru,lockin_amplitude_h3,8,0.12484740144118633,5,3,False,unstable
FT3,Ru:x0.5,Ru,lockin_peak_shift_h1,8,0.0,0,0,False,unstable
FT3,Ru:x0.5,Ru,lockin_peak_shift_h2,8,0.0,1,0,False,unstable
FT3,Ru:x0.5,Ru,lockin_peak_shift_h3,8,0.0,3,1,False,unstable
FT3,Ru:x0.5,Ru,lockin_phase_h1,8,0.001834016886716805,5,3,False,unstable
FT3,Ru:x0.5,Ru,lockin_phase_h2,8,0.011094372648779632,5,3,False,unstable
FT3,Ru:x0.5,Ru,lockin_phase_h3,8,-0.006280658782503723,2,6,True,lower_error
FT3,Ru:x0.5,Ru,lockin_valid_fraction,8,0.0,0,0,False,unstable
FT3,Ru:x0.5,Ru,score,8,0.18134874790849498,7,1,True,higher_error
FT3,Ru:x2,Ru,dc_nrmse,8,-0.015082790843865601,2,6,True,lower_error
FT3,Ru:x2,Ru,global_amplitude_h1,8,-0.002054820706541338,3,5,False,unstable
FT3,Ru:x2,Ru,global_amplitude_h2,8,-0.006792804564168087,3,5,False,unstable
FT3,Ru:x2,Ru,global_amplitude_h3,8,0.00912670324286946,5,3,False,unstable
FT3,Ru:x2,Ru,global_phase_h1,8,-0.024029842214476564,3,5,False,unstable
FT3,Ru:x2,Ru,global_phase_h2,8,-0.023116146578165075,2,6,True,lower_error
FT3,Ru:x2,Ru,global_phase_h3,8,-0.051095572866784233,0,8,True,lower_error
FT3,Ru:x2,Ru,lockin_amplitude_h1,8,3.7758034180379596e-05,5,3,False,unstable
FT3,Ru:x2,Ru,lockin_amplitude_h2,8,8.545074935228936e-05,5,3,False,unstable
FT3,Ru:x2,Ru,lockin_amplitude_h3,8,-0.006579722175419911,4,4,False,unstable
FT3,Ru:x2,Ru,lockin_peak_shift_h1,8,0.0,1,0,False,unstable
FT3,Ru:x2,Ru,lockin_peak_shift_h2,8,0.0,3,0,False,unstable
FT3,Ru:x2,Ru,lockin_peak_shift_h3,8,0.0,3,1,False,unstable
FT3,Ru:x2,Ru,lockin_phase_h1,8,-0.004911085405376436,3,5,False,unstable
FT3,Ru:x2,Ru,lockin_phase_h2,8,-0.016813586341145936,2,6,True,lower_error
FT3,Ru:x2,Ru,lockin_phase_h3,8,0.006418365095962553,5,3,False,unstable
FT3,Ru:x2,Ru,lockin_valid_fraction,8,0.0,0,0,False,unstable
FT3,Ru:x2,Ru,score,8,0.8686487134315257,5,3,False,unstable
FT3,gamma:x0.5,gamma,dc_nrmse,8,0.015470554557413321,6,2,True,higher_error
FT3,gamma:x0.5,gamma,global_amplitude_h1,8,0.008183124716836798,5,3,False,unstable
FT3,gamma:x0.5,gamma,global_amplitude_h2,8,0.03630040987796396,5,3,False,unstable
FT3,gamma:x0.5,gamma,global_amplitude_h3,8,0.09058195098295402,5,3,False,unstable
FT3,gamma:x0.5,gamma,global_phase_h1,8,0.11770483845628532,5,3,False,unstable
FT3,gamma:x0.5,gamma,global_phase_h2,8,-0.0007796292545774325,4,4,False,unstable
FT3,gamma:x0.5,gamma,global_phase_h3,8,0.0045444608215392465,5,3,False,unstable
FT3,gamma:x0.5,gamma,lockin_amplitude_h1,8,0.00045837757021899295,5,3,False,unstable
FT3,gamma:x0.5,gamma,lockin_amplitude_h2,8,0.0037279514609759867,5,3,False,unstable
FT3,gamma:x0.5,gamma,lockin_amplitude_h3,8,0.01664137148283032,6,2,True,higher_error
FT3,gamma:x0.5,gamma,lockin_peak_shift_h1,8,0.0,1,0,False,unstable
FT3,gamma:x0.5,gamma,lockin_peak_shift_h2,8,0.0,1,0,False,unstable
FT3,gamma:x0.5,gamma,lockin_peak_shift_h3,8,0.0,3,1,False,unstable
FT3,gamma:x0.5,gamma,lockin_phase_h1,8,0.03417042379480928,5,3,False,unstable
FT3,gamma:x0.5,gamma,lockin_phase_h2,8,-0.0006459419587508952,4,4,False,unstable
FT3,gamma:x0.5,gamma,lockin_phase_h3,8,3.095946460685006e-05,4,4,False,unstable
FT3,gamma:x0.5,gamma,lockin_valid_fraction,8,0.0,0,0,False,unstable
FT3,gamma:x0.5,gamma,score,8,0.38831980159500823,6,2,True,higher_error
FT3,gamma:x2,gamma,dc_nrmse,8,-0.015049395174016128,2,6,True,lower_error
FT3,gamma:x2,gamma,global_amplitude_h1,8,-0.024479481296293792,3,5,False,unstable
FT3,gamma:x2,gamma,global_amplitude_h2,8,-0.07249359998865368,3,5,False,unstable
FT3,gamma:x2,gamma,global_amplitude_h3,8,0.10505123102384269,5,3,False,unstable
FT3,gamma:x2,gamma,global_phase_h1,8,-0.12245532268025072,2,6,True,lower_error
FT3,gamma:x2,gamma,global_phase_h2,8,-0.001123786500709184,4,4,False,unstable
FT3,gamma:x2,gamma,global_phase_h3,8,-0.01830798721498214,2,6,True,lower_error
FT3,gamma:x2,gamma,lockin_amplitude_h1,8,-0.0015487314098518723,3,5,False,unstable
FT3,gamma:x2,gamma,lockin_amplitude_h2,8,-0.007204913832070947,3,5,False,unstable
FT3,gamma:x2,gamma,lockin_amplitude_h3,8,0.054173187961858604,5,3,False,unstable
FT3,gamma:x2,gamma,lockin_peak_shift_h1,8,0.0,1,0,False,unstable
FT3,gamma:x2,gamma,lockin_peak_shift_h2,8,0.0,3,0,False,unstable
FT3,gamma:x2,gamma,lockin_peak_shift_h3,8,0.0,3,1,False,unstable
FT3,gamma:x2,gamma,lockin_phase_h1,8,-0.044075887475196196,3,5,False,unstable
FT3,gamma:x2,gamma,lockin_phase_h2,8,-0.014212925349124328,2,6,True,lower_error
FT3,gamma:x2,gamma,lockin_phase_h3,8,0.01428522880080374,6,2,True,higher_error
FT3,gamma:x2,gamma,lockin_valid_fraction,8,0.0,0,0,False,unstable
FT3,gamma:x2,gamma,score,8,1.2179390125336713,6,2,True,higher_error
FT3,k0_4:x0.5,k0_4,dc_nrmse,8,-9.377303627350342e-08,3,5,False,unstable
FT3,k0_4:x0.5,k0_4,global_amplitude_h1,8,1.0881559689424058e-07,5,3,False,unstable
FT3,k0_4:x0.5,k0_4,global_amplitude_h2,8,-4.2861655658033015e-07,4,4,False,unstable
FT3,k0_4:x0.5,k0_4,global_amplitude_h3,8,-1.3740323460131876e-06,3,5,False,unstable
FT3,k0_4:x0.5,k0_4,global_phase_h1,8,2.1919640235540383e-07,4,4,False,unstable
FT3,k0_4:x0.5,k0_4,global_phase_h2,8,7.315690613331205e-07,5,3,False,unstable
FT3,k0_4:x0.5,k0_4,global_phase_h3,8,1.220783076287535e-06,5,3,False,unstable
FT3,k0_4:x0.5,k0_4,lockin_amplitude_h1,8,2.748695104859422e-08,5,3,False,unstable
FT3,k0_4:x0.5,k0_4,lockin_amplitude_h2,8,-2.0656423740939012e-07,2,6,True,lower_error
FT3,k0_4:x0.5,k0_4,lockin_amplitude_h3,8,-1.7133668980817696e-06,3,5,False,unstable
FT3,k0_4:x0.5,k0_4,lockin_peak_shift_h1,8,0.0,0,0,False,unstable
FT3,k0_4:x0.5,k0_4,lockin_peak_shift_h2,8,0.0,0,0,False,unstable
FT3,k0_4:x0.5,k0_4,lockin_peak_shift_h3,8,0.0,0,0,False,unstable
FT3,k0_4:x0.5,k0_4,lockin_phase_h1,8,9.347860735753333e-07,5,3,False,unstable
FT3,k0_4:x0.5,k0_4,lockin_phase_h2,8,3.338214587117472e-05,7,1,True,higher_error
FT3,k0_4:x0.5,k0_4,lockin_phase_h3,8,-8.482192242698083e-06,3,5,False,unstable
FT3,k0_4:x0.5,k0_4,lockin_valid_fraction,8,0.0,0,0,False,unstable
FT3,k0_4:x0.5,k0_4,score,8,1.5767766019081364e-05,5,3,False,unstable
FT3,k0_4:x2,k0_4,dc_nrmse,8,1.0740480824861232e-07,5,3,False,unstable
FT3,k0_4:x2,k0_4,global_amplitude_h1,8,-3.697784384248948e-08,4,4,False,unstable
FT3,k0_4:x2,k0_4,global_amplitude_h2,8,7.574950044997308e-08,4,4,False,unstable
FT3,k0_4:x2,k0_4,global_amplitude_h3,8,3.7373452790312456e-06,6,2,True,higher_error
FT3,k0_4:x2,k0_4,global_phase_h1,8,-2.0140429723980446e-07,2,6,True,lower_error
FT3,k0_4:x2,k0_4,global_phase_h2,8,1.5935700652253137e-06,6,2,True,higher_error
FT3,k0_4:x2,k0_4,global_phase_h3,8,2.0071390024398172e-06,5,3,False,unstable
FT3,k0_4:x2,k0_4,lockin_amplitude_h1,8,-4.979967355156489e-09,4,4,False,unstable
FT3,k0_4:x2,k0_4,lockin_amplitude_h2,8,3.297860168005595e-07,5,3,False,unstable
FT3,k0_4:x2,k0_4,lockin_amplitude_h3,8,3.3778044780663485e-07,5,3,False,unstable
FT3,k0_4:x2,k0_4,lockin_peak_shift_h1,8,0.0,0,0,False,unstable
FT3,k0_4:x2,k0_4,lockin_peak_shift_h2,8,0.0,0,0,False,unstable
FT3,k0_4:x2,k0_4,lockin_peak_shift_h3,8,0.0,0,0,False,unstable
FT3,k0_4:x2,k0_4,lockin_phase_h1,8,-1.0727960465806152e-07,4,4,False,unstable
FT3,k0_4:x2,k0_4,lockin_phase_h2,8,2.492961033565e-05,5,3,False,unstable
FT3,k0_4:x2,k0_4,lockin_phase_h3,8,-3.619944965571609e-05,1,7,True,lower_error
FT3,k0_4:x2,k0_4,lockin_valid_fraction,8,0.0,0,0,False,unstable
FT3,k0_4:x2,k0_4,score,8,-8.6319460077533e-06,3,5,False,unstable
FT3,k0_pre:x0.5,k0_pre,dc_nrmse,8,-8.3168740488207e-06,0,8,True,lower_error
FT3,k0_pre:x0.5,k0_pre,global_amplitude_h1,8,6.205409376569548e-05,6,2,True,higher_error
FT3,k0_pre:x0.5,k0_pre,global_amplitude_h2,8,-0.0003254249920845165,3,5,False,unstable
FT3,k0_pre:x0.5,k0_pre,global_amplitude_h3,8,-0.0009602794897971903,3,5,False,unstable
FT3,k0_pre:x0.5,k0_pre,global_phase_h1,8,-0.0007490551617274077,3,5,False,unstable
FT3,k0_pre:x0.5,k0_pre,global_phase_h2,8,-0.003736382715043604,0,8,True,lower_error
FT3,k0_pre:x0.5,k0_pre,global_phase_h3,8,-0.008397115881422668,0,8,True,lower_error
FT3,k0_pre:x0.5,k0_pre,lockin_amplitude_h1,8,4.609877843203547e-07,6,2,True,higher_error
FT3,k0_pre:x0.5,k0_pre,lockin_amplitude_h2,8,4.34042010111213e-08,4,4,False,unstable
FT3,k0_pre:x0.5,k0_pre,lockin_amplitude_h3,8,1.5023441673256421e-05,4,4,False,unstable
FT3,k0_pre:x0.5,k0_pre,lockin_peak_shift_h1,8,0.0,0,0,False,unstable
FT3,k0_pre:x0.5,k0_pre,lockin_peak_shift_h2,8,0.0,0,0,False,unstable
FT3,k0_pre:x0.5,k0_pre,lockin_peak_shift_h3,8,0.0,0,0,False,unstable
FT3,k0_pre:x0.5,k0_pre,lockin_phase_h1,8,4.960035740780855e-05,4,4,False,unstable
FT3,k0_pre:x0.5,k0_pre,lockin_phase_h2,8,-0.012371092968195413,1,7,True,lower_error
FT3,k0_pre:x0.5,k0_pre,lockin_phase_h3,8,-0.021212963905236193,0,8,True,lower_error
FT3,k0_pre:x0.5,k0_pre,lockin_valid_fraction,8,0.0,0,0,False,unstable
FT3,k0_pre:x0.5,k0_pre,score,8,-0.04709842038078982,1,7,True,lower_error
FT3,k0_pre:x2,k0_pre,dc_nrmse,8,4.5547484163951935e-06,8,0,True,higher_error
FT3,k0_pre:x2,k0_pre,global_amplitude_h1,8,-3.012221834647333e-05,2,6,True,lower_error
FT3,k0_pre:x2,k0_pre,global_amplitude_h2,8,0.00016894254671850906,5,3,False,unstable
FT3,k0_pre:x2,k0_pre,global_amplitude_h3,8,0.0005029924474702803,5,3,False,unstable
FT3,k0_pre:x2,k0_pre,global_phase_h1,8,0.000385471738407861,5,3,False,unstable
FT3,k0_pre:x2,k0_pre,global_phase_h2,8,0.0018135998314243729,8,0,True,higher_error
FT3,k0_pre:x2,k0_pre,global_phase_h3,8,0.00423948965391252,8,0,True,higher_error
FT3,k0_pre:x2,k0_pre,lockin_amplitude_h1,8,-3.8524480125423644e-07,2,6,True,lower_error
FT3,k0_pre:x2,k0_pre,lockin_amplitude_h2,8,5.075574122104243e-07,5,3,False,unstable
FT3,k0_pre:x2,k0_pre,lockin_amplitude_h3,8,-1.5779600821025364e-05,1,7,True,lower_error
FT3,k0_pre:x2,k0_pre,lockin_peak_shift_h1,8,0.0,0,0,False,unstable
FT3,k0_pre:x2,k0_pre,lockin_peak_shift_h2,8,0.0,0,0,False,unstable
FT3,k0_pre:x2,k0_pre,lockin_peak_shift_h3,8,0.0,0,0,False,unstable
FT3,k0_pre:x2,k0_pre,lockin_phase_h1,8,-1.8299601695609402e-05,4,4,False,unstable
FT3,k0_pre:x2,k0_pre,lockin_phase_h2,8,0.00836424985770956,8,0,True,higher_error
FT3,k0_pre:x2,k0_pre,lockin_phase_h3,8,0.008082000908705422,7,1,True,higher_error
FT3,k0_pre:x2,k0_pre,lockin_valid_fraction,8,0.0,0,0,False,unstable
FT3,k0_pre:x2,k0_pre,score,8,0.09641913540545044,7,1,True,higher_error
FT3,scaling_OOH_OH:minus0.2,scaling_OOH_OH,dc_nrmse,8,-0.05744804375934526,1,7,True,lower_error
FT3,scaling_OOH_OH:minus0.2,scaling_OOH_OH,global_amplitude_h1,8,-0.019533644525423582,4,4,False,unstable
FT3,scaling_OOH_OH:minus0.2,scaling_OOH_OH,global_amplitude_h2,8,-0.036557152649796004,3,5,False,unstable
FT3,scaling_OOH_OH:minus0.2,scaling_OOH_OH,global_amplitude_h3,8,-0.48306793178631174,2,6,True,lower_error
FT3,scaling_OOH_OH:minus0.2,scaling_OOH_OH,global_phase_h1,8,-0.06654750652370667,2,6,True,lower_error
FT3,scaling_OOH_OH:minus0.2,scaling_OOH_OH,global_phase_h2,8,-0.053535338713149194,2,6,True,lower_error
FT3,scaling_OOH_OH:minus0.2,scaling_OOH_OH,global_phase_h3,8,-0.11704596981681903,1,7,True,lower_error
FT3,scaling_OOH_OH:minus0.2,scaling_OOH_OH,lockin_amplitude_h1,8,-0.01832218964865595,3,5,False,unstable
FT3,scaling_OOH_OH:minus0.2,scaling_OOH_OH,lockin_amplitude_h2,8,-0.03256479065221102,3,5,False,unstable
FT3,scaling_OOH_OH:minus0.2,scaling_OOH_OH,lockin_amplitude_h3,8,-0.06157074747582392,3,5,False,unstable
FT3,scaling_OOH_OH:minus0.2,scaling_OOH_OH,lockin_peak_shift_h1,8,0.0,0,0,False,unstable
FT3,scaling_OOH_OH:minus0.2,scaling_OOH_OH,lockin_peak_shift_h2,8,0.0,2,1,False,unstable
FT3,scaling_OOH_OH:minus0.2,scaling_OOH_OH,lockin_peak_shift_h3,8,0.0,3,1,False,unstable
FT3,scaling_OOH_OH:minus0.2,scaling_OOH_OH,lockin_phase_h1,8,-0.16464610409910796,2,6,True,lower_error
FT3,scaling_OOH_OH:minus0.2,scaling_OOH_OH,lockin_phase_h2,8,-0.07715047337711028,2,6,True,lower_error
FT3,scaling_OOH_OH:minus0.2,scaling_OOH_OH,lockin_phase_h3,8,0.242226875090786,8,0,True,higher_error
FT3,scaling_OOH_OH:minus0.2,scaling_OOH_OH,lockin_valid_fraction,8,0.0,0,0,False,unstable
FT3,scaling_OOH_OH:minus0.2,scaling_OOH_OH,score,8,2.385961154755228,8,0,True,higher_error
FT3,scaling_OOH_OH:plus0.2,scaling_OOH_OH,dc_nrmse,8,0.11367039925771748,8,0,True,higher_error
FT3,scaling_OOH_OH:plus0.2,scaling_OOH_OH,global_amplitude_h1,8,0.007856411947781528,6,2,True,higher_error
FT3,scaling_OOH_OH:plus0.2,scaling_OOH_OH,global_amplitude_h2,8,0.03438317424947962,6,2,True,higher_error
FT3,scaling_OOH_OH:plus0.2,scaling_OOH_OH,global_amplitude_h3,8,0.041987062040253376,5,3,False,unstable
FT3,scaling_OOH_OH:plus0.2,scaling_OOH_OH,global_phase_h1,8,0.22620285999834228,7,1,True,higher_error
FT3,scaling_OOH_OH:plus0.2,scaling_OOH_OH,global_phase_h2,8,0.17017288104417455,7,1,True,higher_error
FT3,scaling_OOH_OH:plus0.2,scaling_OOH_OH,global_phase_h3,8,0.09562962429579314,8,0,True,higher_error
FT3,scaling_OOH_OH:plus0.2,scaling_OOH_OH,lockin_amplitude_h1,8,0.0019407539872277335,6,2,True,higher_error
FT3,scaling_OOH_OH:plus0.2,scaling_OOH_OH,lockin_amplitude_h2,8,0.0198498065478733,7,1,True,higher_error
FT3,scaling_OOH_OH:plus0.2,scaling_OOH_OH,lockin_amplitude_h3,8,0.0422294153050857,7,1,True,higher_error
FT3,scaling_OOH_OH:plus0.2,scaling_OOH_OH,lockin_peak_shift_h1,8,0.4099390278110705,5,0,False,unstable
FT3,scaling_OOH_OH:plus0.2,scaling_OOH_OH,lockin_peak_shift_h2,8,0.26837734914249955,5,0,False,unstable
FT3,scaling_OOH_OH:plus0.2,scaling_OOH_OH,lockin_peak_shift_h3,8,0.12976487211285692,7,0,True,higher_error
FT3,scaling_OOH_OH:plus0.2,scaling_OOH_OH,lockin_phase_h1,8,0.18324743011789946,8,0,True,higher_error
FT3,scaling_OOH_OH:plus0.2,scaling_OOH_OH,lockin_phase_h2,8,0.4656793492398382,7,1,True,higher_error
FT3,scaling_OOH_OH:plus0.2,scaling_OOH_OH,lockin_phase_h3,8,-0.07209530452391033,1,7,True,lower_error
FT3,scaling_OOH_OH:plus0.2,scaling_OOH_OH,lockin_valid_fraction,8,0.0,0,0,False,unstable
FT3,scaling_OOH_OH:plus0.2,scaling_OOH_OH,score,8,4.641109156637707,7,1,True,higher_error
FT4,A:x0.5,A,dc_nrmse,8,0.019992892908275592,8,0,True,higher_error
FT4,A:x0.5,A,global_amplitude_h1,8,0.1858152703176494,6,2,True,higher_error
FT4,A:x0.5,A,global_amplitude_h2,8,0.19638259789791335,6,2,True,higher_error
FT4,A:x0.5,A,global_phase_h1,8,0.0076870252897086565,5,3,False,unstable
FT4,A:x0.5,A,global_phase_h2,8,-0.024573934713267753,0,8,True,lower_error
FT4,A:x0.5,A,lockin_amplitude_h1,8,0.08025037920311402,6,2,True,higher_error
FT4,A:x0.5,A,lockin_amplitude_h2,8,0.062141894129288305,5,3,False,unstable
FT4,A:x0.5,A,lockin_peak_shift_h1,8,0.0,0,0,False,unstable
FT4,A:x0.5,A,lockin_peak_shift_h2,8,0.0,0,0,False,unstable
FT4,A:x0.5,A,lockin_phase_h1,8,0.007289976561588973,8,0,True,higher_error
FT4,A:x0.5,A,lockin_phase_h2,8,0.009505131286032087,5,3,False,unstable
FT4,A:x0.5,A,lockin_valid_fraction,8,0.0,0,0,False,unstable
FT4,A:x0.5,A,score,8,0.12885554032210234,6,2,True,higher_error
FT4,A:x2,A,dc_nrmse,8,-0.020015719571297455,0,8,True,lower_error
FT4,A:x2,A,global_amplitude_h1,8,-0.05429097585260005,4,4,False,unstable
FT4,A:x2,A,global_amplitude_h2,8,-0.1483880759600613,3,5,False,unstable
FT4,A:x2,A,global_phase_h1,8,0.025457894969918127,5,3,False,unstable
FT4,A:x2,A,global_phase_h2,8,0.029672792011838464,8,0,True,higher_error
FT4,A:x2,A,lockin_amplitude_h1,8,-0.055242344237153185,3,5,False,unstable
FT4,A:x2,A,lockin_amplitude_h2,8,0.0037412031320540606,4,4,False,unstable
FT4,A:x2,A,lockin_peak_shift_h1,8,0.0,0,0,False,unstable
FT4,A:x2,A,lockin_peak_shift_h2,8,0.0,0,2,False,unstable
FT4,A:x2,A,lockin_phase_h1,8,-0.013260622773242345,0,8,True,lower_error
FT4,A:x2,A,lockin_phase_h2,8,-0.01688214876418237,3,5,False,unstable
FT4,A:x2,A,lockin_valid_fraction,8,0.0,0,0,False,unstable
FT4,A:x2,A,score,8,0.028403716135964707,5,3,False,unstable
FT4,Cdl:x0.5,Cdl,dc_nrmse,8,2.38301265625962e-06,8,0,True,higher_error
FT4,Cdl:x0.5,Cdl,global_amplitude_h1,8,0.0006027658850214189,6,2,True,higher_error
FT4,Cdl:x0.5,Cdl,global_amplitude_h2,8,-1.5590724418423907e-05,2,6,True,lower_error
FT4,Cdl:x0.5,Cdl,global_phase_h1,8,0.00559154698908715,5,3,False,unstable
FT4,Cdl:x0.5,Cdl,global_phase_h2,8,0.002044035316198088,7,1,True,higher_error
FT4,Cdl:x0.5,Cdl,lockin_amplitude_h1,8,0.00012578346958766473,5,3,False,unstable
FT4,Cdl:x0.5,Cdl,lockin_amplitude_h2,8,-2.0994904553345295e-06,2,6,True,lower_error
FT4,Cdl:x0.5,Cdl,lockin_peak_shift_h1,8,0.0,0,0,False,unstable
FT4,Cdl:x0.5,Cdl,lockin_peak_shift_h2,8,0.0,0,0,False,unstable
FT4,Cdl:x0.5,Cdl,lockin_phase_h1,8,0.027164271196860698,7,1,True,higher_error
FT4,Cdl:x0.5,Cdl,lockin_phase_h2,8,-0.0004740161273737997,0,8,True,lower_error
FT4,Cdl:x0.5,Cdl,lockin_valid_fraction,8,0.0,0,0,False,unstable
FT4,Cdl:x0.5,Cdl,score,8,-0.00474016127373833,1,7,True,lower_error
FT4,Cdl:x2,Cdl,dc_nrmse,8,-4.048690084107465e-06,0,8,True,lower_error
FT4,Cdl:x2,Cdl,global_amplitude_h1,8,-0.0015517640140689654,2,6,True,lower_error
FT4,Cdl:x2,Cdl,global_amplitude_h2,8,2.8921864858880153e-05,6,2,True,higher_error
FT4,Cdl:x2,Cdl,global_phase_h1,8,0.006835579899683197,5,3,False,unstable
FT4,Cdl:x2,Cdl,global_phase_h2,8,-0.004084901163703213,1,7,True,lower_error
FT4,Cdl:x2,Cdl,lockin_amplitude_h1,8,-0.0003837349361699577,3,5,False,unstable
FT4,Cdl:x2,Cdl,lockin_amplitude_h2,8,4.732346464211834e-06,6,2,True,higher_error
FT4,Cdl:x2,Cdl,lockin_peak_shift_h1,8,0.0,0,0,False,unstable
FT4,Cdl:x2,Cdl,lockin_peak_shift_h2,8,0.0,0,0,False,unstable
FT4,Cdl:x2,Cdl,lockin_phase_h1,8,-0.006724260365411586,4,4,False,unstable
FT4,Cdl:x2,Cdl,lockin_phase_h2,8,0.0009746287467781722,8,0,True,higher_error
FT4,Cdl:x2,Cdl,lockin_valid_fraction,8,0.0,0,0,False,unstable
FT4,Cdl:x2,Cdl,score,8,0.00974628746778139,7,1,True,higher_error
FT4,E0_pre:minus0.05,E0_pre,dc_nrmse,8,-1.6717427112483696e-06,0,8,True,lower_error
FT4,E0_pre:minus0.05,E0_pre,global_amplitude_h1,8,0.00023695740597176607,4,4,False,unstable
FT4,E0_pre:minus0.05,E0_pre,global_amplitude_h2,8,0.0018311771585042547,5,3,False,unstable
FT4,E0_pre:minus0.05,E0_pre,global_phase_h1,8,0.0004279799674770154,7,1,True,higher_error
FT4,E0_pre:minus0.05,E0_pre,global_phase_h2,8,-0.013235970985970194,1,7,True,lower_error
FT4,E0_pre:minus0.05,E0_pre,lockin_amplitude_h1,8,1.4640214104091887e-05,5,3,False,unstable
FT4,E0_pre:minus0.05,E0_pre,lockin_amplitude_h2,8,-0.013292295129284676,1,7,True,lower_error
FT4,E0_pre:minus0.05,E0_pre,lockin_peak_shift_h1,8,0.0,0,0,False,unstable
FT4,E0_pre:minus0.05,E0_pre,lockin_peak_shift_h2,8,0.0,0,0,False,unstable
FT4,E0_pre:minus0.05,E0_pre,lockin_phase_h1,8,0.01854663934334258,7,1,True,higher_error
FT4,E0_pre:minus0.05,E0_pre,lockin_phase_h2,8,0.28508514442714283,7,1,True,higher_error
FT4,E0_pre:minus0.05,E0_pre,lockin_valid_fraction,8,0.0,0,0,False,unstable
FT4,E0_pre:minus0.05,E0_pre,score,8,2.616531475209483,7,1,True,higher_error
FT4,E0_pre:plus0.05,E0_pre,dc_nrmse,8,2.8635814541821958e-06,8,0,True,higher_error
FT4,E0_pre:plus0.05,E0_pre,global_amplitude_h1,8,-0.0003484773609729319,4,4,False,unstable
FT4,E0_pre:plus0.05,E0_pre,global_amplitude_h2,8,-0.0018124396215073169,2,6,True,lower_error
FT4,E0_pre:plus0.05,E0_pre,global_phase_h1,8,0.0003178719946921281,5,3,False,unstable
FT4,E0_pre:plus0.05,E0_pre,global_phase_h2,8,-0.001659986959820399,3,5,False,unstable
FT4,E0_pre:plus0.05,E0_pre,lockin_amplitude_h1,8,-0.000715946313754684,0,8,True,lower_error
FT4,E0_pre:plus0.05,E0_pre,lockin_amplitude_h2,8,-4.319124064824931e-05,3,5,False,unstable
FT4,E0_pre:plus0.05,E0_pre,lockin_peak_shift_h1,8,0.0,0,0,False,unstable
FT4,E0_pre:plus0.05,E0_pre,lockin_peak_shift_h2,8,0.0,0,0,False,unstable
FT4,E0_pre:plus0.05,E0_pre,lockin_phase_h1,8,-0.014148101333296165,1,7,True,lower_error
FT4,E0_pre:plus0.05,E0_pre,lockin_phase_h2,8,-0.15288194891232618,1,7,True,lower_error
FT4,E0_pre:plus0.05,E0_pre,lockin_valid_fraction,8,0.0,0,0,False,unstable
FT4,E0_pre:plus0.05,E0_pre,score,8,-0.5197890048029081,2,6,True,lower_error
FT4,Ru:x0.5,Ru,dc_nrmse,8,0.019992892908275592,8,0,True,higher_error
FT4,Ru:x0.5,Ru,global_amplitude_h1,8,-0.13325992473960346,3,5,False,unstable
FT4,Ru:x0.5,Ru,global_amplitude_h2,8,-0.06681152116025406,4,4,False,unstable
FT4,Ru:x0.5,Ru,global_phase_h1,8,0.0076870252897086565,5,3,False,unstable
FT4,Ru:x0.5,Ru,global_phase_h2,8,-0.024573934713267753,0,8,True,lower_error
FT4,Ru:x0.5,Ru,lockin_amplitude_h1,8,-0.022066180544131522,3,5,False,unstable
FT4,Ru:x0.5,Ru,lockin_amplitude_h2,8,0.08419203121562592,7,1,True,higher_error
FT4,Ru:x0.5,Ru,lockin_peak_shift_h1,8,0.0,0,0,False,unstable
FT4,Ru:x0.5,Ru,lockin_peak_shift_h2,8,0.0,0,0,False,unstable
FT4,Ru:x0.5,Ru,lockin_phase_h1,8,0.007289976561588973,8,0,True,higher_error
FT4,Ru:x0.5,Ru,lockin_phase_h2,8,0.009505131286032087,5,3,False,unstable
FT4,Ru:x0.5,Ru,lockin_valid_fraction,8,0.0,0,0,False,unstable
FT4,Ru:x0.5,Ru,score,8,0.04241368813107771,4,4,False,unstable
FT4,Ru:x2,Ru,dc_nrmse,8,-0.020015719571297455,0,8,True,lower_error
FT4,Ru:x2,Ru,global_amplitude_h1,8,0.13373645907289136,6,2,True,higher_error
FT4,Ru:x2,Ru,global_amplitude_h2,8,0.18985270608098712,6,2,True,higher_error
FT4,Ru:x2,Ru,global_phase_h1,8,0.025457894969918127,5,3,False,unstable
FT4,Ru:x2,Ru,global_phase_h2,8,0.029672792011838464,8,0,True,higher_error
FT4,Ru:x2,Ru,lockin_amplitude_h1,8,0.04941581110474598,6,2,True,higher_error
FT4,Ru:x2,Ru,lockin_amplitude_h2,8,0.05092426470382144,6,2,True,higher_error
FT4,Ru:x2,Ru,lockin_peak_shift_h1,8,0.0,0,0,False,unstable
FT4,Ru:x2,Ru,lockin_peak_shift_h2,8,0.0,0,2,False,unstable
FT4,Ru:x2,Ru,lockin_phase_h1,8,-0.013260622773242345,0,8,True,lower_error
FT4,Ru:x2,Ru,lockin_phase_h2,8,-0.01688214876418237,3,5,False,unstable
FT4,Ru:x2,Ru,lockin_valid_fraction,8,0.0,0,0,False,unstable
FT4,Ru:x2,Ru,score,8,0.16080283290090103,5,3,False,unstable
FT4,gamma:x0.5,gamma,dc_nrmse,8,0.019989998722731717,8,0,True,higher_error
FT4,gamma:x0.5,gamma,global_amplitude_h1,8,0.18507786492297404,6,2,True,higher_error
FT4,gamma:x0.5,gamma,global_amplitude_h2,8,0.1963783279087551,6,2,True,higher_error
FT4,gamma:x0.5,gamma,global_phase_h1,8,0.0037520772616506156,5,3,False,unstable
FT4,gamma:x0.5,gamma,global_phase_h2,8,-0.02455616768406167,0,8,True,lower_error
FT4,gamma:x0.5,gamma,lockin_amplitude_h1,8,0.08001164122734204,6,2,True,higher_error
FT4,gamma:x0.5,gamma,lockin_amplitude_h2,8,0.06214492124293508,5,3,False,unstable
FT4,gamma:x0.5,gamma,lockin_peak_shift_h1,8,0.0,0,0,False,unstable
FT4,gamma:x0.5,gamma,lockin_peak_shift_h2,8,0.0,0,0,False,unstable
FT4,gamma:x0.5,gamma,lockin_phase_h1,8,0.0006932378565584207,4,4,False,unstable
FT4,gamma:x0.5,gamma,lockin_phase_h2,8,0.00976394531453717,6,2,True,higher_error
FT4,gamma:x0.5,gamma,lockin_valid_fraction,8,0.0,0,0,False,unstable
FT4,gamma:x0.5,gamma,score,8,0.13253570419062788,7,1,True,higher_error
FT4,gamma:x2,gamma,dc_nrmse,8,-0.020013533854984264,0,8,True,lower_error
FT4,gamma:x2,gamma,global_amplitude_h1,8,-0.05695765955236744,4,4,False,unstable
FT4,gamma:x2,gamma,global_amplitude_h2,8,-0.1483881729263345,3,5,False,unstable
FT4,gamma:x2,gamma,global_phase_h1,8,0.01259254293634249,7,1,True,higher_error
FT4,gamma:x2,gamma,global_phase_h2,8,0.033559513815354575,8,0,True,higher_error
FT4,gamma:x2,gamma,lockin_amplitude_h1,8,-0.05562640752405525,3,5,False,unstable
FT4,gamma:x2,gamma,lockin_amplitude_h2,8,0.003702923528822899,4,4,False,unstable
FT4,gamma:x2,gamma,lockin_peak_shift_h1,8,0.0,0,0,False,unstable
FT4,gamma:x2,gamma,lockin_peak_shift_h2,8,0.0,0,2,False,unstable
FT4,gamma:x2,gamma,lockin_phase_h1,8,0.014692619296704443,5,3,False,unstable
FT4,gamma:x2,gamma,lockin_phase_h2,8,-0.01800108543429102,2,6,True,lower_error
FT4,gamma:x2,gamma,lockin_valid_fraction,8,0.0,0,0,False,unstable
FT4,gamma:x2,gamma,score,8,0.005341643891864756,4,4,False,unstable
FT4,k0_4:x0.5,k0_4,dc_nrmse,8,1.4030101429945985e-07,5,3,False,unstable
FT4,k0_4:x0.5,k0_4,global_amplitude_h1,8,3.024889604491543e-07,6,2,True,higher_error
FT4,k0_4:x0.5,k0_4,global_amplitude_h2,8,-1.2698765086693875e-07,4,4,False,unstable
FT4,k0_4:x0.5,k0_4,global_phase_h1,8,-3.4003825977613894e-08,4,4,False,unstable
FT4,k0_4:x0.5,k0_4,global_phase_h2,8,-5.102992992611632e-07,2,6,True,lower_error
FT4,k0_4:x0.5,k0_4,lockin_amplitude_h1,8,4.743865905654232e-08,5,3,False,unstable
FT4,k0_4:x0.5,k0_4,lockin_amplitude_h2,8,-8.24726127390818e-08,2,6,True,lower_error
FT4,k0_4:x0.5,k0_4,lockin_peak_shift_h1,8,0.0,0,0,False,unstable
FT4,k0_4:x0.5,k0_4,lockin_peak_shift_h2,8,0.0,0,0,False,unstable
FT4,k0_4:x0.5,k0_4,lockin_phase_h1,8,2.007188086572409e-08,4,4,False,unstable
FT4,k0_4:x0.5,k0_4,lockin_phase_h2,8,2.2795928065200144e-06,6,2,True,higher_error
FT4,k0_4:x0.5,k0_4,lockin_valid_fraction,8,0.0,0,0,False,unstable
FT4,k0_4:x0.5,k0_4,score,8,3.8449299388787495e-06,6,2,True,higher_error
FT4,k0_4:x2,k0_4,dc_nrmse,8,4.341081043246486e-09,4,4,False,unstable
FT4,k0_4:x2,k0_4,global_amplitude_h1,8,-8.36893355310453e-08,2,6,True,lower_error
FT4,k0_4:x2,k0_4,global_amplitude_h2,8,-1.4890010557877531e-08,4,4,False,unstable
FT4,k0_4:x2,k0_4,global_phase_h1,8,-3.2817357686941787e-07,4,4,False,unstable
FT4,k0_4:x2,k0_4,global_phase_h2,8,6.188567487231539e-07,6,2,True,higher_error
FT4,k0_4:x2,k0_4,lockin_amplitude_h1,8,2.86820456968373e-08,6,2,True,higher_error
FT4,k0_4:x2,k0_4,lockin_amplitude_h2,8,3.0931855166116407e-07,7,1,True,higher_error
FT4,k0_4:x2,k0_4,lockin_peak_shift_h1,8,0.0,0,0,False,unstable
FT4,k0_4:x2,k0_4,lockin_peak_shift_h2,8,0.0,0,0,False,unstable
FT4,k0_4:x2,k0_4,lockin_phase_h1,8,-2.0087186193562534e-07,3,5,False,unstable
FT4,k0_4:x2,k0_4,lockin_phase_h2,8,-2.5670924480580837e-07,3,5,False,unstable
FT4,k0_4:x2,k0_4,lockin_valid_fraction,8,0.0,0,0,False,unstable
FT4,k0_4:x2,k0_4,score,8,-1.7097987830005934e-06,3,5,False,unstable
FT4,k0_pre:x0.5,k0_pre,dc_nrmse,8,-5.137251000986165e-08,3,5,False,unstable
FT4,k0_pre:x0.5,k0_pre,global_amplitude_h1,8,-2.1075091389627376e-05,2,6,True,lower_error
FT4,k0_pre:x0.5,k0_pre,global_amplitude_h2,8,-0.00013357313159644002,3,5,False,unstable
FT4,k0_pre:x0.5,k0_pre,global_phase_h1,8,1.4604128828806656e-05,5,3,False,unstable
FT4,k0_pre:x0.5,k0_pre,global_phase_h2,8,-0.00028820492640969225,1,7,True,lower_error
FT4,k0_pre:x0.5,k0_pre,lockin_amplitude_h1,8,2.295407282734696e-06,5,3,False,unstable
FT4,k0_pre:x0.5,k0_pre,lockin_amplitude_h2,8,5.07312499727075e-06,7,1,True,higher_error
FT4,k0_pre:x0.5,k0_pre,lockin_peak_shift_h1,8,0.0,0,0,False,unstable
FT4,k0_pre:x0.5,k0_pre,lockin_peak_shift_h2,8,0.0,0,0,False,unstable
FT4,k0_pre:x0.5,k0_pre,lockin_phase_h1,8,-0.0005350536989844057,1,7,True,lower_error
FT4,k0_pre:x0.5,k0_pre,lockin_phase_h2,8,-0.0016232179977205274,2,6,True,lower_error
FT4,k0_pre:x0.5,k0_pre,lockin_valid_fraction,8,0.0,0,0,False,unstable
FT4,k0_pre:x0.5,k0_pre,score,8,-0.009034778120931009,2,6,True,lower_error
FT4,k0_pre:x2,k0_pre,dc_nrmse,8,-2.3735270013314214e-08,3,5,False,unstable
FT4,k0_pre:x2,k0_pre,global_amplitude_h1,8,1.060822384800486e-05,6,2,True,higher_error
FT4,k0_pre:x2,k0_pre,global_amplitude_h2,8,6.71082285835789e-05,5,3,False,unstable
FT4,k0_pre:x2,k0_pre,global_phase_h1,8,-7.650001467855022e-06,3,5,False,unstable
FT4,k0_pre:x2,k0_pre,global_phase_h2,8,0.0001426023411854535,7,1,True,higher_error
FT4,k0_pre:x2,k0_pre,lockin_amplitude_h1,8,-1.249162547414806e-06,3,5,False,unstable
FT4,k0_pre:x2,k0_pre,lockin_amplitude_h2,8,-3.0957780310508776e-06,2,6,True,lower_error
FT4,k0_pre:x2,k0_pre,lockin_peak_shift_h1,8,0.0,0,0,False,unstable
FT4,k0_pre:x2,k0_pre,lockin_peak_shift_h2,8,0.0,0,0,False,unstable
FT4,k0_pre:x2,k0_pre,lockin_phase_h1,8,0.00027732929383465776,7,1,True,higher_error
FT4,k0_pre:x2,k0_pre,lockin_phase_h2,8,0.0008281810049464711,6,2,True,higher_error
FT4,k0_pre:x2,k0_pre,lockin_valid_fraction,8,0.0,0,0,False,unstable
FT4,k0_pre:x2,k0_pre,score,8,0.004600198999524796,6,2,True,higher_error
FT4,scaling_OOH_OH:minus0.2,scaling_OOH_OH,dc_nrmse,8,-0.07623692149091851,0,8,True,lower_error
FT4,scaling_OOH_OH:minus0.2,scaling_OOH_OH,global_amplitude_h1,8,0.8296008763623438,6,2,True,higher_error
FT4,scaling_OOH_OH:minus0.2,scaling_OOH_OH,global_amplitude_h2,8,0.4969831760933474,7,1,True,higher_error
FT4,scaling_OOH_OH:minus0.2,scaling_OOH_OH,global_phase_h1,8,0.00038111662998830016,4,4,False,unstable
FT4,scaling_OOH_OH:minus0.2,scaling_OOH_OH,global_phase_h2,8,-0.013519906588845613,4,4,False,unstable
FT4,scaling_OOH_OH:minus0.2,scaling_OOH_OH,lockin_amplitude_h1,8,0.2839680276055875,8,0,True,higher_error
FT4,scaling_OOH_OH:minus0.2,scaling_OOH_OH,lockin_amplitude_h2,8,0.07419687611260026,8,0,True,higher_error
FT4,scaling_OOH_OH:minus0.2,scaling_OOH_OH,lockin_peak_shift_h1,8,0.0,0,0,False,unstable
FT4,scaling_OOH_OH:minus0.2,scaling_OOH_OH,lockin_peak_shift_h2,8,-0.005898403047515766,1,4,False,unstable
FT4,scaling_OOH_OH:minus0.2,scaling_OOH_OH,lockin_phase_h1,8,0.05162583838271509,5,3,False,unstable
FT4,scaling_OOH_OH:minus0.2,scaling_OOH_OH,lockin_phase_h2,8,-0.004022198430347623,2,6,True,lower_error
FT4,scaling_OOH_OH:minus0.2,scaling_OOH_OH,lockin_valid_fraction,8,0.0,0,0,False,unstable
FT4,scaling_OOH_OH:minus0.2,scaling_OOH_OH,score,8,6.224055122564606,5,3,False,unstable
FT4,scaling_OOH_OH:plus0.2,scaling_OOH_OH,dc_nrmse,8,0.08878014224714684,8,0,True,higher_error
FT4,scaling_OOH_OH:plus0.2,scaling_OOH_OH,global_amplitude_h1,8,0.39821949615692614,7,1,True,higher_error
FT4,scaling_OOH_OH:plus0.2,scaling_OOH_OH,global_amplitude_h2,8,0.5097705525077989,7,1,True,higher_error
FT4,scaling_OOH_OH:plus0.2,scaling_OOH_OH,global_phase_h1,8,0.3107130965782884,7,1,True,higher_error
FT4,scaling_OOH_OH:plus0.2,scaling_OOH_OH,global_phase_h2,8,0.11129649812060227,5,3,False,unstable
FT4,scaling_OOH_OH:plus0.2,scaling_OOH_OH,lockin_amplitude_h1,8,0.1884193386459625,5,3,False,unstable
FT4,scaling_OOH_OH:plus0.2,scaling_OOH_OH,lockin_amplitude_h2,8,0.18035935978397924,6,2,True,higher_error
FT4,scaling_OOH_OH:plus0.2,scaling_OOH_OH,lockin_peak_shift_h1,8,0.0,3,0,False,unstable
FT4,scaling_OOH_OH:plus0.2,scaling_OOH_OH,lockin_peak_shift_h2,8,0.0,3,0,False,unstable
FT4,scaling_OOH_OH:plus0.2,scaling_OOH_OH,lockin_phase_h1,8,0.2401745356313385,8,0,True,higher_error
FT4,scaling_OOH_OH:plus0.2,scaling_OOH_OH,lockin_phase_h2,8,-0.007182991658628901,3,5,False,unstable
FT4,scaling_OOH_OH:plus0.2,scaling_OOH_OH,lockin_valid_fraction,8,0.0,0,0,False,unstable
FT4,scaling_OOH_OH:plus0.2,scaling_OOH_OH,score,8,3.608024617456424,6,2,True,higher_error
FT8,A:x0.5,A,dc_nrmse,8,0.01852485649821363,8,0,True,higher_error
FT8,A:x0.5,A,global_amplitude_h1,8,0.15882197472787485,8,0,True,higher_error
FT8,A:x0.5,A,global_amplitude_h2,8,0.15857107181581176,6,2,True,higher_error
FT8,A:x0.5,A,global_phase_h1,8,0.0315960489467125,8,0,True,higher_error
FT8,A:x0.5,A,global_phase_h2,8,0.009453846802528261,5,3,False,unstable
FT8,A:x0.5,A,lockin_amplitude_h1,8,0.04893436223314784,7,1,True,higher_error
FT8,A:x0.5,A,lockin_amplitude_h2,8,0.052092689671956904,6,2,True,higher_error
FT8,A:x0.5,A,lockin_peak_shift_h1,8,0.0,0,0,False,unstable
FT8,A:x0.5,A,lockin_peak_shift_h2,8,0.0,1,0,False,unstable
FT8,A:x0.5,A,lockin_phase_h1,8,0.005742240599386106,8,0,True,higher_error
FT8,A:x0.5,A,lockin_phase_h2,8,0.001039388694524468,5,3,False,unstable
FT8,A:x0.5,A,lockin_valid_fraction,8,0.0,0,0,False,unstable
FT8,A:x0.5,A,score,8,0.13426196590345318,7,1,True,higher_error
FT8,A:x2,A,dc_nrmse,8,-0.01797998071589372,0,8,True,lower_error
FT8,A:x2,A,global_amplitude_h1,8,-0.18848721062395274,1,7,True,lower_error
FT8,A:x2,A,global_amplitude_h2,8,0.0240642443354169,4,4,False,unstable
FT8,A:x2,A,global_phase_h1,8,-0.04584957604031881,0,8,True,lower_error
FT8,A:x2,A,global_phase_h2,8,-0.021119751991482076,2,6,True,lower_error
FT8,A:x2,A,lockin_amplitude_h1,8,-0.052995037628637776,2,6,True,lower_error
FT8,A:x2,A,lockin_amplitude_h2,8,-0.005542419239468396,4,4,False,unstable
FT8,A:x2,A,lockin_peak_shift_h1,8,0.0,0,0,False,unstable
FT8,A:x2,A,lockin_peak_shift_h2,8,0.0,2,0,False,unstable
FT8,A:x2,A,lockin_phase_h1,8,-0.00999805588556088,0,8,True,lower_error
FT8,A:x2,A,lockin_phase_h2,8,0.0017785178071652585,4,4,False,unstable
FT8,A:x2,A,lockin_valid_fraction,8,0.0,0,0,False,unstable
FT8,A:x2,A,score,8,-0.006712370006540347,3,5,False,unstable
FT8,Cdl:x0.5,Cdl,dc_nrmse,8,9.367000865283248e-06,8,0,True,higher_error
FT8,Cdl:x0.5,Cdl,global_amplitude_h1,8,0.004093223090677944,7,1,True,higher_error
FT8,Cdl:x0.5,Cdl,global_amplitude_h2,8,-4.2746417260930425e-05,0,8,True,lower_error
FT8,Cdl:x0.5,Cdl,global_phase_h1,8,0.06710070023494083,8,0,True,higher_error
FT8,Cdl:x0.5,Cdl,global_phase_h2,8,0.010541035430489142,8,0,True,higher_error
FT8,Cdl:x0.5,Cdl,lockin_amplitude_h1,8,0.005199959847525457,8,0,True,higher_error
FT8,Cdl:x0.5,Cdl,lockin_amplitude_h2,8,-1.3577347425131059e-05,2,6,True,lower_error
FT8,Cdl:x0.5,Cdl,lockin_peak_shift_h1,8,0.0,0,0,False,unstable
FT8,Cdl:x0.5,Cdl,lockin_peak_shift_h2,8,0.0,0,0,False,unstable
FT8,Cdl:x0.5,Cdl,lockin_phase_h1,8,0.03930385908235909,6,2,True,higher_error
FT8,Cdl:x0.5,Cdl,lockin_phase_h2,8,-0.000595188735479868,4,4,False,unstable
FT8,Cdl:x0.5,Cdl,lockin_valid_fraction,8,0.0,0,0,False,unstable
FT8,Cdl:x0.5,Cdl,score,8,0.012897197986168951,6,2,True,higher_error
FT8,Cdl:x2,Cdl,dc_nrmse,8,-1.600305321265011e-05,0,8,True,lower_error
FT8,Cdl:x2,Cdl,global_amplitude_h1,8,-0.015466714930058412,1,7,True,lower_error
FT8,Cdl:x2,Cdl,global_amplitude_h2,8,0.00018234447316815838,7,1,True,higher_error
FT8,Cdl:x2,Cdl,global_phase_h1,8,-0.08651309097349313,2,6,True,lower_error
FT8,Cdl:x2,Cdl,global_phase_h2,8,-0.021076006929336963,0,8,True,lower_error
FT8,Cdl:x2,Cdl,lockin_amplitude_h1,8,-0.012576285233335982,0,8,True,lower_error
FT8,Cdl:x2,Cdl,lockin_amplitude_h2,8,4.6986755331823726e-05,6,2,True,higher_error
FT8,Cdl:x2,Cdl,lockin_peak_shift_h1,8,0.0,0,0,False,unstable
FT8,Cdl:x2,Cdl,lockin_peak_shift_h2,8,0.0,0,0,False,unstable
FT8,Cdl:x2,Cdl,lockin_phase_h1,8,-0.03564353942361609,2,6,True,lower_error
FT8,Cdl:x2,Cdl,lockin_phase_h2,8,0.0019442451647659897,4,4,False,unstable
FT8,Cdl:x2,Cdl,lockin_valid_fraction,8,0.0,0,0,False,unstable
FT8,Cdl:x2,Cdl,score,8,-0.02052589750981726,2,6,True,lower_error
FT8,E0_pre:minus0.05,E0_pre,dc_nrmse,8,-5.2457876768725875e-05,0,8,True,lower_error
FT8,E0_pre:minus0.05,E0_pre,global_amplitude_h1,8,0.0008179561802071911,5,3,False,unstable
FT8,E0_pre:minus0.05,E0_pre,global_amplitude_h2,8,0.004022927509069185,7,1,True,higher_error
FT8,E0_pre:minus0.05,E0_pre,global_phase_h1,8,-0.00197368656310673,0,8,True,lower_error
FT8,E0_pre:minus0.05,E0_pre,global_phase_h2,8,-0.00036944559032559,2,6,True,lower_error
FT8,E0_pre:minus0.05,E0_pre,lockin_amplitude_h1,8,7.568530788315542e-06,7,1,True,higher_error
FT8,E0_pre:minus0.05,E0_pre,lockin_amplitude_h2,8,4.879517488273755e-06,6,2,True,higher_error
FT8,E0_pre:minus0.05,E0_pre,lockin_peak_shift_h1,8,0.0,0,0,False,unstable
FT8,E0_pre:minus0.05,E0_pre,lockin_peak_shift_h2,8,0.0,1,0,False,unstable
FT8,E0_pre:minus0.05,E0_pre,lockin_phase_h1,8,0.00035873726610941015,6,2,True,higher_error
FT8,E0_pre:minus0.05,E0_pre,lockin_phase_h2,8,0.08805315558092125,7,1,True,higher_error
FT8,E0_pre:minus0.05,E0_pre,lockin_valid_fraction,8,0.0,0,0,False,unstable
FT8,E0_pre:minus0.05,E0_pre,score,8,0.6799541502692614,7,1,True,higher_error
FT8,E0_pre:plus0.05,E0_pre,dc_nrmse,8,-3.6365068125758515e-06,3,5,False,unstable
FT8,E0_pre:plus0.05,E0_pre,global_amplitude_h1,8,-0.002012197441184027,2,6,True,lower_error
FT8,E0_pre:plus0.05,E0_pre,global_amplitude_h2,8,-0.008545631004557519,1,7,True,lower_error
FT8,E0_pre:plus0.05,E0_pre,global_phase_h1,8,0.004609200471575196,8,0,True,higher_error
FT8,E0_pre:plus0.05,E0_pre,global_phase_h2,8,-0.0009961234083388781,4,4,False,unstable
FT8,E0_pre:plus0.05,E0_pre,lockin_amplitude_h1,8,-5.839384073001719e-05,1,7,True,lower_error
FT8,E0_pre:plus0.05,E0_pre,lockin_amplitude_h2,8,-0.0005700414548159005,1,7,True,lower_error
FT8,E0_pre:plus0.05,E0_pre,lockin_peak_shift_h1,8,0.0,0,0,False,unstable
FT8,E0_pre:plus0.05,E0_pre,lockin_peak_shift_h2,8,0.0,0,0,False,unstable
FT8,E0_pre:plus0.05,E0_pre,lockin_phase_h1,8,-0.0006254019834385782,3,5,False,unstable
FT8,E0_pre:plus0.05,E0_pre,lockin_phase_h2,8,-0.013605766761341953,2,6,True,lower_error
FT8,E0_pre:plus0.05,E0_pre,lockin_valid_fraction,8,0.0,0,0,False,unstable
FT8,E0_pre:plus0.05,E0_pre,score,8,-0.04710677493723914,1,7,True,lower_error
FT8,Ru:x0.5,Ru,dc_nrmse,8,0.01852485649821363,8,0,True,higher_error
FT8,Ru:x0.5,Ru,global_amplitude_h1,8,-0.10124968994014355,1,7,True,lower_error
FT8,Ru:x0.5,Ru,global_amplitude_h2,8,0.052026816459915526,4,4,False,unstable
FT8,Ru:x0.5,Ru,global_phase_h1,8,0.0315960489467125,8,0,True,higher_error
FT8,Ru:x0.5,Ru,global_phase_h2,8,0.009453846802528261,5,3,False,unstable
FT8,Ru:x0.5,Ru,lockin_amplitude_h1,8,-0.005681472997248971,2,6,True,lower_error
FT8,Ru:x0.5,Ru,lockin_amplitude_h2,8,0.015419318893313466,4,4,False,unstable
FT8,Ru:x0.5,Ru,lockin_peak_shift_h1,8,0.0,0,0,False,unstable
FT8,Ru:x0.5,Ru,lockin_peak_shift_h2,8,0.0,1,0,False,unstable
FT8,Ru:x0.5,Ru,lockin_phase_h1,8,0.005742240599386106,8,0,True,higher_error
FT8,Ru:x0.5,Ru,lockin_phase_h2,8,0.001039388694524468,5,3,False,unstable
FT8,Ru:x0.5,Ru,lockin_valid_fraction,8,0.0,0,0,False,unstable
FT8,Ru:x0.5,Ru,score,8,0.02399592714902532,5,3,False,unstable
FT8,Ru:x2,Ru,dc_nrmse,8,-0.01797998071589372,0,8,True,lower_error
FT8,Ru:x2,Ru,global_amplitude_h1,8,0.11201302382098899,8,0,True,higher_error
FT8,Ru:x2,Ru,global_amplitude_h2,8,0.1228453595736772,6,2,True,higher_error
FT8,Ru:x2,Ru,global_phase_h1,8,-0.04584957604031881,0,8,True,lower_error
FT8,Ru:x2,Ru,global_phase_h2,8,-0.021119751991482076,2,6,True,lower_error
FT8,Ru:x2,Ru,lockin_amplitude_h1,8,0.034025921939593695,7,1,True,higher_error
FT8,Ru:x2,Ru,lockin_amplitude_h2,8,0.044450852055090834,6,2,True,higher_error
FT8,Ru:x2,Ru,lockin_peak_shift_h1,8,0.0,0,0,False,unstable
FT8,Ru:x2,Ru,lockin_peak_shift_h2,8,0.0,2,0,False,unstable
FT8,Ru:x2,Ru,lockin_phase_h1,8,-0.00999805588556088,0,8,True,lower_error
FT8,Ru:x2,Ru,lockin_phase_h2,8,0.0017785178071652585,4,4,False,unstable
FT8,Ru:x2,Ru,lockin_valid_fraction,8,0.0,0,0,False,unstable
FT8,Ru:x2,Ru,score,8,0.12333555433209309,5,3,False,unstable
FT8,gamma:x0.5,gamma,dc_nrmse,8,0.018493584960942236,8,0,True,higher_error
FT8,gamma:x0.5,gamma,global_amplitude_h1,8,0.15292491080889486,8,0,True,higher_error
FT8,gamma:x0.5,gamma,global_amplitude_h2,8,0.1586043465970975,6,2,True,higher_error
FT8,gamma:x0.5,gamma,global_phase_h1,8,-0.03564152801092693,3,5,False,unstable
FT8,gamma:x0.5,gamma,global_phase_h2,8,-0.0014014454738613472,4,4,False,unstable
FT8,gamma:x0.5,gamma,lockin_amplitude_h1,8,0.04258615716644687,6,2,True,higher_error
FT8,gamma:x0.5,gamma,lockin_amplitude_h2,8,0.052107598187561985,6,2,True,higher_error
FT8,gamma:x0.5,gamma,lockin_peak_shift_h1,8,0.0,0,0,False,unstable
FT8,gamma:x0.5,gamma,lockin_peak_shift_h2,8,0.0,1,0,False,unstable
FT8,gamma:x0.5,gamma,lockin_phase_h1,8,-0.02319892704626597,3,5,False,unstable
FT8,gamma:x0.5,gamma,lockin_phase_h2,8,0.0018463057771833102,7,1,True,higher_error
FT8,gamma:x0.5,gamma,lockin_valid_fraction,8,0.0,0,0,False,unstable
FT8,gamma:x0.5,gamma,score,8,0.09632093903598937,7,1,True,higher_error
FT8,gamma:x2,gamma,dc_nrmse,8,-0.0179743511867227,0,8,True,lower_error
FT8,gamma:x2,gamma,global_amplitude_h1,8,-0.178110390736673,1,7,True,lower_error
FT8,gamma:x2,gamma,global_amplitude_h2,8,0.024087564712801213,4,4,False,unstable
FT8,gamma:x2,gamma,global_phase_h1,8,0.04487024862016195,7,1,True,higher_error
FT8,gamma:x2,gamma,global_phase_h2,8,-2.8379874573485064e-05,4,4,False,unstable
FT8,gamma:x2,gamma,lockin_amplitude_h1,8,-0.039746611913561686,2,6,True,lower_error
FT8,gamma:x2,gamma,lockin_amplitude_h2,8,-0.005610966018278513,4,4,False,unstable
FT8,gamma:x2,gamma,lockin_peak_shift_h1,8,0.0,0,0,False,unstable
FT8,gamma:x2,gamma,lockin_peak_shift_h2,8,0.0,2,0,False,unstable
FT8,gamma:x2,gamma,lockin_phase_h1,8,0.03012396992910818,5,3,False,unstable
FT8,gamma:x2,gamma,lockin_phase_h2,8,-0.0004722638760678022,2,6,True,lower_error
FT8,gamma:x2,gamma,lockin_valid_fraction,8,0.0,0,0,False,unstable
FT8,gamma:x2,gamma,score,8,-0.002453925565284454,3,5,False,unstable
FT8,k0_4:x0.5,k0_4,dc_nrmse,8,6.467550136071698e-09,5,3,False,unstable
FT8,k0_4:x0.5,k0_4,global_amplitude_h1,8,-8.4655436244363e-08,3,5,False,unstable
FT8,k0_4:x0.5,k0_4,global_amplitude_h2,8,7.777411867304629e-08,4,4,False,unstable
FT8,k0_4:x0.5,k0_4,global_phase_h1,8,3.918201276764677e-07,5,3,False,unstable
FT8,k0_4:x0.5,k0_4,global_phase_h2,8,-7.312328862418838e-07,3,5,False,unstable
FT8,k0_4:x0.5,k0_4,lockin_amplitude_h1,8,-3.342204651923808e-09,3,5,False,unstable
FT8,k0_4:x0.5,k0_4,lockin_amplitude_h2,8,9.286213270565113e-09,5,3,False,unstable
FT8,k0_4:x0.5,k0_4,lockin_peak_shift_h1,8,0.0,0,0,False,unstable
FT8,k0_4:x0.5,k0_4,lockin_peak_shift_h2,8,0.0,0,0,False,unstable
FT8,k0_4:x0.5,k0_4,lockin_phase_h1,8,-1.580436511938732e-07,2,6,True,lower_error
FT8,k0_4:x0.5,k0_4,lockin_phase_h2,8,4.560822027432909e-06,5,3,False,unstable
FT8,k0_4:x0.5,k0_4,lockin_valid_fraction,8,0.0,0,0,False,unstable
FT8,k0_4:x0.5,k0_4,score,8,1.5728973176365457e-05,4,4,False,unstable
FT8,k0_4:x2,k0_4,dc_nrmse,8,-2.2902904243254918e-09,3,5,False,unstable
FT8,k0_4:x2,k0_4,global_amplitude_h1,8,1.3769394579393746e-08,4,4,False,unstable
FT8,k0_4:x2,k0_4,global_amplitude_h2,8,-8.451850780355485e-08,4,4,False,unstable
FT8,k0_4:x2,k0_4,global_phase_h1,8,-3.154450284315047e-09,3,5,False,unstable
FT8,k0_4:x2,k0_4,global_phase_h2,8,2.1804096217437063e-07,5,3,False,unstable
FT8,k0_4:x2,k0_4,lockin_amplitude_h1,8,-1.982529913846509e-08,2,6,True,lower_error
FT8,k0_4:x2,k0_4,lockin_amplitude_h2,8,-4.3472934169175304e-08,3,5,False,unstable
FT8,k0_4:x2,k0_4,lockin_peak_shift_h1,8,0.0,0,0,False,unstable
FT8,k0_4:x2,k0_4,lockin_peak_shift_h2,8,0.0,0,0,False,unstable
FT8,k0_4:x2,k0_4,lockin_phase_h1,8,-2.627547972811062e-07,2,6,True,lower_error
FT8,k0_4:x2,k0_4,lockin_phase_h2,8,9.705142645088927e-07,5,3,False,unstable
FT8,k0_4:x2,k0_4,lockin_valid_fraction,8,0.0,0,0,False,unstable
FT8,k0_4:x2,k0_4,score,8,6.6945273449192655e-06,5,3,False,unstable
FT8,k0_pre:x0.5,k0_pre,dc_nrmse,8,-5.791506164518068e-06,0,8,True,lower_error
FT8,k0_pre:x0.5,k0_pre,global_amplitude_h1,8,-3.937263015307835e-05,1,7,True,lower_error
FT8,k0_pre:x0.5,k0_pre,global_amplitude_h2,8,-0.00011656196281414899,2,6,True,lower_error
FT8,k0_pre:x0.5,k0_pre,global_phase_h1,8,0.0001875087990881319,8,0,True,higher_error
FT8,k0_pre:x0.5,k0_pre,global_phase_h2,8,-0.00031358759414157333,0,8,True,lower_error
FT8,k0_pre:x0.5,k0_pre,lockin_amplitude_h1,8,8.151435823555708e-08,4,4,False,unstable
FT8,k0_pre:x0.5,k0_pre,lockin_amplitude_h2,8,-1.0079661422190966e-07,3,5,False,unstable
FT8,k0_pre:x0.5,k0_pre,lockin_peak_shift_h1,8,0.0,0,0,False,unstable
FT8,k0_pre:x0.5,k0_pre,lockin_peak_shift_h2,8,0.0,0,0,False,unstable
FT8,k0_pre:x0.5,k0_pre,lockin_phase_h1,8,-8.45714135823683e-05,1,7,True,lower_error
FT8,k0_pre:x0.5,k0_pre,lockin_phase_h2,8,-0.010250342316354799,2,6,True,lower_error
FT8,k0_pre:x0.5,k0_pre,lockin_valid_fraction,8,0.0,0,0,False,unstable
FT8,k0_pre:x0.5,k0_pre,score,8,-0.010080975157853445,2,6,True,lower_error
FT8,k0_pre:x2,k0_pre,dc_nrmse,8,3.4862808416628865e-06,8,0,True,higher_error
FT8,k0_pre:x2,k0_pre,global_amplitude_h1,8,1.9597849534813694e-05,7,1,True,higher_error
FT8,k0_pre:x2,k0_pre,global_amplitude_h2,8,5.878029337824664e-05,6,2,True,higher_error
FT8,k0_pre:x2,k0_pre,global_phase_h1,8,-9.862904830770791e-05,0,8,True,lower_error
FT8,k0_pre:x2,k0_pre,global_phase_h2,8,0.00015671859765253177,8,0,True,higher_error
FT8,k0_pre:x2,k0_pre,lockin_amplitude_h1,8,2.6792082899462777e-08,4,4,False,unstable
FT8,k0_pre:x2,k0_pre,lockin_amplitude_h2,8,-1.3950326023526305e-07,4,4,False,unstable
FT8,k0_pre:x2,k0_pre,lockin_peak_shift_h1,8,0.0,0,0,False,unstable
FT8,k0_pre:x2,k0_pre,lockin_peak_shift_h2,8,0.0,0,0,False,unstable
FT8,k0_pre:x2,k0_pre,lockin_phase_h1,8,4.779025871937126e-05,7,1,True,higher_error
FT8,k0_pre:x2,k0_pre,lockin_phase_h2,8,0.00815560779817337,6,2,True,higher_error
FT8,k0_pre:x2,k0_pre,lockin_valid_fraction,8,0.0,0,0,False,unstable
FT8,k0_pre:x2,k0_pre,score,8,0.05486879661043309,7,1,True,higher_error
FT8,scaling_OOH_OH:minus0.2,scaling_OOH_OH,dc_nrmse,8,-0.0007132645994537487,1,7,True,lower_error
FT8,scaling_OOH_OH:minus0.2,scaling_OOH_OH,global_amplitude_h1,8,-7.45700372947189e-05,4,4,False,unstable
FT8,scaling_OOH_OH:minus0.2,scaling_OOH_OH,global_amplitude_h2,8,0.0045587746076742874,7,1,True,higher_error
FT8,scaling_OOH_OH:minus0.2,scaling_OOH_OH,global_phase_h1,8,-4.982109959317249e-05,4,4,False,unstable
FT8,scaling_OOH_OH:minus0.2,scaling_OOH_OH,global_phase_h2,8,-0.0004129691290586379,3,5,False,unstable
FT8,scaling_OOH_OH:minus0.2,scaling_OOH_OH,lockin_amplitude_h1,8,-0.0003413522030660393,2,6,True,lower_error
FT8,scaling_OOH_OH:minus0.2,scaling_OOH_OH,lockin_amplitude_h2,8,3.514601511811488e-05,6,2,True,higher_error
FT8,scaling_OOH_OH:minus0.2,scaling_OOH_OH,lockin_peak_shift_h1,8,0.0,0,0,False,unstable
FT8,scaling_OOH_OH:minus0.2,scaling_OOH_OH,lockin_peak_shift_h2,8,0.0,2,1,False,unstable
FT8,scaling_OOH_OH:minus0.2,scaling_OOH_OH,lockin_phase_h1,8,-0.0016538733063643785,3,5,False,unstable
FT8,scaling_OOH_OH:minus0.2,scaling_OOH_OH,lockin_phase_h2,8,-0.05992821363556977,1,7,True,lower_error
FT8,scaling_OOH_OH:minus0.2,scaling_OOH_OH,lockin_valid_fraction,8,0.0,0,0,False,unstable
FT8,scaling_OOH_OH:minus0.2,scaling_OOH_OH,score,8,-0.011096257482711813,3,5,False,unstable
FT8,scaling_OOH_OH:plus0.2,scaling_OOH_OH,dc_nrmse,8,0.021434829121712302,8,0,True,higher_error
FT8,scaling_OOH_OH:plus0.2,scaling_OOH_OH,global_amplitude_h1,8,0.07081842529852062,8,0,True,higher_error
FT8,scaling_OOH_OH:plus0.2,scaling_OOH_OH,global_amplitude_h2,8,-0.0008946455484142579,4,4,False,unstable
FT8,scaling_OOH_OH:plus0.2,scaling_OOH_OH,global_phase_h1,8,-0.013849386297356825,1,7,True,lower_error
FT8,scaling_OOH_OH:plus0.2,scaling_OOH_OH,global_phase_h2,8,0.010066177367032733,4,4,False,unstable
FT8,scaling_OOH_OH:plus0.2,scaling_OOH_OH,lockin_amplitude_h1,8,0.007516085567687292,6,2,True,higher_error
FT8,scaling_OOH_OH:plus0.2,scaling_OOH_OH,lockin_amplitude_h2,8,0.001509021028188673,5,3,False,unstable
FT8,scaling_OOH_OH:plus0.2,scaling_OOH_OH,lockin_peak_shift_h1,8,0.0,1,0,False,unstable
FT8,scaling_OOH_OH:plus0.2,scaling_OOH_OH,lockin_peak_shift_h2,8,0.0,3,0,False,unstable
FT8,scaling_OOH_OH:plus0.2,scaling_OOH_OH,lockin_phase_h1,8,0.013779560792994416,5,3,False,unstable
FT8,scaling_OOH_OH:plus0.2,scaling_OOH_OH,lockin_phase_h2,8,0.08976152657644731,6,2,True,higher_error
FT8,scaling_OOH_OH:plus0.2,scaling_OOH_OH,lockin_valid_fraction,8,0.0,0,0,False,unstable
FT8,scaling_OOH_OH:plus0.2,scaling_OOH_OH,score,8,1.4504339233569148,7,1,True,higher_error
