dataset_id,channel,segment,ensemble_size,valid_candidate_count,signed_mean_median,signed_mean_q25,signed_mean_q75,positive_count,negative_count,direction_class,nearest_candidate_id,nearest_signed_mean,nearest_within_iqr
FT2,dc,high,1,1,0.21290993519429163,0.21290993519429163,0.21290993519429163,1,0,smoke-only,289,0.21290993519429163,True
FT2,dc,low,1,1,-0.03378083923169564,-0.03378083923169564,-0.03378083923169564,0,1,smoke-only,289,-0.03378083923169564,True
FT2,dc,mid,1,1,0.06409441432196666,0.06409441432196666,0.06409441432196666,1,0,smoke-only,289,0.06409441432196666,True
FT2,global_amplitude_h1,global,1,1,0.8740834651481354,0.8740834651481354,0.8740834651481354,1,0,smoke-only,289,0.8740834651481354,True
FT2,global_amplitude_h2,global,1,1,0.9984064955809929,0.9984064955809929,0.9984064955809929,1,0,smoke-only,289,0.9984064955809929,True
FT2,global_amplitude_h3,global,1,1,0.9929897572543291,0.9929897572543291,0.9929897572543291,1,0,smoke-only,289,0.9929897572543291,True
FT2,global_phase_h1,global,1,1,-0.5261360175825662,-0.5261360175825662,-0.5261360175825662,0,1,smoke-only,289,-0.5261360175825662,True
FT2,global_phase_h2,global,1,1,0.5330912690886636,0.5330912690886636,0.5330912690886636,1,0,smoke-only,289,0.5330912690886636,True
FT2,global_phase_h3,global,1,1,-1.512805749185858,-1.512805749185858,-1.512805749185858,0,1,smoke-only,289,-1.512805749185858,True
FT2,lockin_amplitude_h1,high,1,0,,,,0,0,not-observable,289,,
FT2,lockin_amplitude_h1,low,1,0,,,,0,0,not-observable,289,,
FT2,lockin_amplitude_h1,mid,1,1,0.6192377394491391,0.6192377394491391,0.6192377394491391,1,0,smoke-only,289,0.6192377394491391,True
FT2,lockin_amplitude_h2,high,1,0,,,,0,0,not-observable,289,,
FT2,lockin_amplitude_h2,low,1,0,,,,0,0,not-observable,289,,
FT2,lockin_amplitude_h2,mid,1,1,0.4830537902914742,0.4830537902914742,0.4830537902914742,1,0,smoke-only,289,0.4830537902914742,True
FT2,lockin_amplitude_h3,high,1,0,,,,0,0,not-observable,289,,
FT2,lockin_amplitude_h3,low,1,0,,,,0,0,not-observable,289,,
FT2,lockin_amplitude_h3,mid,1,1,0.3658883301153514,0.3658883301153514,0.3658883301153514,1,0,smoke-only,289,0.3658883301153514,True
FT2,lockin_phase_h1,high,1,0,,,,0,0,not-observable,289,,
FT2,lockin_phase_h1,low,1,0,,,,0,0,not-observable,289,,
FT2,lockin_phase_h1,mid,1,1,-0.4544541461773888,-0.4544541461773888,-0.4544541461773888,0,1,smoke-only,289,-0.4544541461773888,True
FT2,lockin_phase_h2,high,1,0,,,,0,0,not-observable,289,,
FT2,lockin_phase_h2,low,1,0,,,,0,0,not-observable,289,,
FT2,lockin_phase_h2,mid,1,1,-0.8446550646080393,-0.8446550646080393,-0.8446550646080393,0,1,smoke-only,289,-0.8446550646080393,True
FT2,lockin_phase_h3,high,1,0,,,,0,0,not-observable,289,,
FT2,lockin_phase_h3,low,1,0,,,,0,0,not-observable,289,,
FT2,lockin_phase_h3,mid,1,1,-1.4622458766978115,-1.4622458766978115,-1.4622458766978115,0,1,smoke-only,289,-1.4622458766978115,True
FT3,dc,high,1,1,0.05987277559167796,0.05987277559167796,0.05987277559167796,1,0,smoke-only,484,0.05987277559167796,True
FT3,dc,low,1,1,-0.0018223881292660851,-0.0018223881292660851,-0.0018223881292660851,0,1,smoke-only,484,-0.0018223881292660851,True
FT3,dc,mid,1,1,0.057196751442726824,0.057196751442726824,0.057196751442726824,1,0,smoke-only,484,0.057196751442726824,True
FT3,global_amplitude_h1,global,1,1,-0.29618376289483006,-0.29618376289483006,-0.29618376289483006,0,1,smoke-only,484,-0.29618376289483006,True
FT3,global_amplitude_h2,global,1,1,-0.5245322601076361,-0.5245322601076361,-0.5245322601076361,0,1,smoke-only,484,-0.5245322601076361,True
FT3,global_amplitude_h3,global,1,1,-0.848121804210495,-0.848121804210495,-0.848121804210495,0,1,smoke-only,484,-0.848121804210495,True
FT3,global_phase_h1,global,1,1,0.08652618023357439,0.08652618023357439,0.08652618023357439,1,0,smoke-only,484,0.08652618023357439,True
FT3,global_phase_h2,global,1,1,-0.1318568322823819,-0.1318568322823819,-0.1318568322823819,0,1,smoke-only,484,-0.1318568322823819,True
FT3,global_phase_h3,global,1,1,-0.23545439145873062,-0.23545439145873062,-0.23545439145873062,0,1,smoke-only,484,-0.23545439145873062,True
FT3,lockin_amplitude_h1,high,1,0,,,,0,0,not-observable,484,,
FT3,lockin_amplitude_h1,low,1,0,,,,0,0,not-observable,484,,
FT3,lockin_amplitude_h1,mid,1,1,-0.050412764676916376,-0.050412764676916376,-0.050412764676916376,0,1,smoke-only,484,-0.050412764676916376,True
FT3,lockin_amplitude_h2,high,1,0,,,,0,0,not-observable,484,,
FT3,lockin_amplitude_h2,low,1,0,,,,0,0,not-observable,484,,
FT3,lockin_amplitude_h2,mid,1,1,-0.15973644494044217,-0.15973644494044217,-0.15973644494044217,0,1,smoke-only,484,-0.15973644494044217,True
FT3,lockin_amplitude_h3,high,1,0,,,,0,0,not-observable,484,,
FT3,lockin_amplitude_h3,low,1,0,,,,0,0,not-observable,484,,
FT3,lockin_amplitude_h3,mid,1,1,-0.2541233417834536,-0.2541233417834536,-0.2541233417834536,0,1,smoke-only,484,-0.2541233417834536,True
FT3,lockin_phase_h1,high,1,0,,,,0,0,not-observable,484,,
FT3,lockin_phase_h1,low,1,0,,,,0,0,not-observable,484,,
FT3,lockin_phase_h1,mid,1,1,0.09123952429630129,0.09123952429630129,0.09123952429630129,1,0,smoke-only,484,0.09123952429630129,True
FT3,lockin_phase_h2,high,1,0,,,,0,0,not-observable,484,,
FT3,lockin_phase_h2,low,1,0,,,,0,0,not-observable,484,,
FT3,lockin_phase_h2,mid,1,1,-0.1463116280193118,-0.1463116280193118,-0.1463116280193118,0,1,smoke-only,484,-0.1463116280193118,True
FT3,lockin_phase_h3,high,1,0,,,,0,0,not-observable,484,,
FT3,lockin_phase_h3,low,1,0,,,,0,0,not-observable,484,,
FT3,lockin_phase_h3,mid,1,1,-0.5416657947316392,-0.5416657947316392,-0.5416657947316392,0,1,smoke-only,484,-0.5416657947316392,True
FT4,dc,high,1,1,0.11983690283327045,0.11983690283327045,0.11983690283327045,1,0,smoke-only,249,0.11983690283327045,True
FT4,dc,low,1,1,0.0025980269399895335,0.0025980269399895335,0.0025980269399895335,1,0,smoke-only,249,0.0025980269399895335,True
FT4,dc,mid,1,1,0.12187968768374306,0.12187968768374306,0.12187968768374306,1,0,smoke-only,249,0.12187968768374306,True
FT4,global_amplitude_h1,global,1,1,0.46756339131222996,0.46756339131222996,0.46756339131222996,1,0,smoke-only,249,0.46756339131222996,True
FT4,global_amplitude_h2,global,1,1,0.3339038558354102,0.3339038558354102,0.3339038558354102,1,0,smoke-only,249,0.3339038558354102,True
FT4,global_amplitude_h3,global,1,1,-0.025812758555055045,-0.025812758555055045,-0.025812758555055045,0,1,smoke-only,249,-0.025812758555055045,True
FT4,global_phase_h1,global,1,1,-0.020789948051310514,-0.020789948051310514,-0.020789948051310514,0,1,smoke-only,249,-0.020789948051310514,True
FT4,global_phase_h2,global,1,1,-0.20307118688290338,-0.20307118688290338,-0.20307118688290338,0,1,smoke-only,249,-0.20307118688290338,True
FT4,global_phase_h3,global,1,1,-0.2660023807548133,-0.2660023807548133,-0.2660023807548133,0,1,smoke-only,249,-0.2660023807548133,True
FT4,lockin_amplitude_h1,high,1,0,,,,0,0,not-observable,249,,
FT4,lockin_amplitude_h1,low,1,0,,,,0,0,not-observable,249,,
FT4,lockin_amplitude_h1,mid,1,1,0.16905291473197143,0.16905291473197143,0.16905291473197143,1,0,smoke-only,249,0.16905291473197143,True
FT4,lockin_amplitude_h2,high,1,0,,,,0,0,not-observable,249,,
FT4,lockin_amplitude_h2,low,1,0,,,,0,0,not-observable,249,,
FT4,lockin_amplitude_h2,mid,1,1,0.1522589797195817,0.1522589797195817,0.1522589797195817,1,0,smoke-only,249,0.1522589797195817,True
FT4,lockin_amplitude_h3,high,1,0,,,,0,0,not-observable,249,,
FT4,lockin_amplitude_h3,low,1,0,,,,0,0,not-observable,249,,
FT4,lockin_amplitude_h3,mid,1,1,0.006904747936657779,0.006904747936657779,0.006904747936657779,1,0,smoke-only,249,0.006904747936657779,True
FT4,lockin_phase_h1,high,1,0,,,,0,0,not-observable,249,,
FT4,lockin_phase_h1,low,1,0,,,,0,0,not-observable,249,,
FT4,lockin_phase_h1,mid,1,1,-0.014195148924791937,-0.014195148924791937,-0.014195148924791937,0,1,smoke-only,249,-0.014195148924791937,True
FT4,lockin_phase_h2,high,1,0,,,,0,0,not-observable,249,,
FT4,lockin_phase_h2,low,1,0,,,,0,0,not-observable,249,,
FT4,lockin_phase_h2,mid,1,1,0.045026965242749316,0.045026965242749316,0.045026965242749316,1,0,smoke-only,249,0.045026965242749316,True
FT4,lockin_phase_h3,high,1,0,,,,0,0,not-observable,249,,
FT4,lockin_phase_h3,low,1,0,,,,0,0,not-observable,249,,
FT4,lockin_phase_h3,mid,1,1,-0.29398749812126945,-0.29398749812126945,-0.29398749812126945,0,1,smoke-only,249,-0.29398749812126945,True
FT8,dc,high,1,1,0.04996320208940968,0.04996320208940968,0.04996320208940968,1,0,smoke-only,226,0.04996320208940968,True
FT8,dc,low,1,1,-0.006107238028087384,-0.006107238028087384,-0.006107238028087384,0,1,smoke-only,226,-0.006107238028087384,True
FT8,dc,mid,1,1,0.033955652426746925,0.033955652426746925,0.033955652426746925,1,0,smoke-only,226,0.033955652426746925,True
FT8,global_amplitude_h1,global,1,1,0.47912771494808337,0.47912771494808337,0.47912771494808337,1,0,smoke-only,226,0.47912771494808337,True
FT8,global_amplitude_h2,global,1,1,0.09195406205634234,0.09195406205634234,0.09195406205634234,1,0,smoke-only,226,0.09195406205634234,True
FT8,global_amplitude_h3,global,1,1,-0.4345387181776308,-0.4345387181776308,-0.4345387181776308,0,1,smoke-only,226,-0.4345387181776308,True
FT8,global_phase_h1,global,1,1,0.4073727717760886,0.4073727717760886,0.4073727717760886,1,0,smoke-only,226,0.4073727717760886,True
FT8,global_phase_h2,global,1,1,-0.1891658102304439,-0.1891658102304439,-0.1891658102304439,0,1,smoke-only,226,-0.1891658102304439,True
FT8,global_phase_h3,global,1,1,-0.629209950330258,-0.629209950330258,-0.629209950330258,0,1,smoke-only,226,-0.629209950330258,True
FT8,lockin_amplitude_h1,high,1,0,,,,0,0,not-observable,226,,
FT8,lockin_amplitude_h1,low,1,0,,,,0,0,not-observable,226,,
FT8,lockin_amplitude_h1,mid,1,1,0.23070712730575108,0.23070712730575108,0.23070712730575108,1,0,smoke-only,226,0.23070712730575108,True
FT8,lockin_amplitude_h2,high,1,0,,,,0,0,not-observable,226,,
FT8,lockin_amplitude_h2,low,1,0,,,,0,0,not-observable,226,,
FT8,lockin_amplitude_h2,mid,1,1,0.11855358413501879,0.11855358413501879,0.11855358413501879,1,0,smoke-only,226,0.11855358413501879,True
FT8,lockin_amplitude_h3,high,1,0,,,,0,0,not-observable,226,,
FT8,lockin_amplitude_h3,low,1,0,,,,0,0,not-observable,226,,
FT8,lockin_amplitude_h3,mid,1,1,0.13803918020471934,0.13803918020471934,0.13803918020471934,1,0,smoke-only,226,0.13803918020471934,True
FT8,lockin_phase_h1,high,1,0,,,,0,0,not-observable,226,,
FT8,lockin_phase_h1,low,1,0,,,,0,0,not-observable,226,,
FT8,lockin_phase_h1,mid,1,1,0.2696635277098407,0.2696635277098407,0.2696635277098407,1,0,smoke-only,226,0.2696635277098407,True
FT8,lockin_phase_h2,high,1,0,,,,0,0,not-observable,226,,
FT8,lockin_phase_h2,low,1,0,,,,0,0,not-observable,226,,
FT8,lockin_phase_h2,mid,1,1,0.14138311413272178,0.14138311413272178,0.14138311413272178,1,0,smoke-only,226,0.14138311413272178,True
FT8,lockin_phase_h3,high,1,0,,,,0,0,not-observable,226,,
FT8,lockin_phase_h3,low,1,0,,,,0,0,not-observable,226,,
FT8,lockin_phase_h3,mid,1,1,-0.05545316671123233,-0.05545316671123233,-0.05545316671123233,0,1,smoke-only,226,-0.05545316671123233,True
