sample,harmonic,lsoda_success,cn_success,lsoda_time_s,cn_time_s,current_nrmse,dc_nrmse,global_relative_strength,global_resolved,lockin_relative_strength,lockin_resolved,global_amplitude_relative_error,global_phase_error_rad,lockin_amplitude_nrmse,lockin_phase_rmse_rad,peak_shift_v
0,1,True,True,5.644131616999857,0.1507437430000209,0.0005931971117923652,4.7372749923827145e-05,1.0,True,1.0,True,2.143828705121356e-06,2.302546433274877e-05,1.1462744769346978e-05,4.427343572939051e-05,0.0
0,2,True,True,5.644131616999857,0.1507437430000209,0.0005931971117923652,4.7372749923827145e-05,0.08111503095666962,True,0.26177329852985654,True,5.0504953953530606e-05,8.987498681323203e-05,2.8153843455463493e-05,0.24775717811489376,0.0
0,3,True,True,5.644131616999857,0.1507437430000209,0.0005931971117923652,4.7372749923827145e-05,0.040659371828019215,True,0.12972279552329838,True,4.6227431876124526e-05,3.343549093903775e-05,8.503520573540122e-05,0.45085984274356516,0.0
0,4,True,True,5.644131616999857,0.1507437430000209,0.0005931971117923652,4.7372749923827145e-05,0.004894003998561508,False,0.08603793142506619,True,0.00012127054285551976,0.0006236837332932454,0.000173173944321512,0.21644916193964073,0.0
0,5,True,True,5.644131616999857,0.1507437430000209,0.0005931971117923652,4.7372749923827145e-05,0.0014531591163046383,False,0.05891966292112359,True,0.0008653360867313047,0.0009707553097528798,0.0002674656119614843,0.5785989927742569,0.0
0,6,True,True,5.644131616999857,0.1507437430000209,0.0005931971117923652,4.7372749923827145e-05,0.00031830783287529796,False,0.04423838645187493,True,0.0026375736596691386,0.004507955520824392,0.00038326431313028507,0.9507320414867846,0.0
0,7,True,True,5.644131616999857,0.1507437430000209,0.0005931971117923652,4.7372749923827145e-05,0.0002456281830930492,False,0.034782632953920985,True,0.004181970881999032,0.0017732948399343253,0.0005301933051290762,0.7362426072085173,0.0
1,1,True,True,5.266814177000015,0.174574180000036,0.00010732409227016305,2.739059259196593e-06,1.0,True,1.0,True,1.6076405497408644e-07,7.238723145563952e-06,3.0062064746163224e-06,1.0263210705062906e-05,0.0
1,2,True,True,5.266814177000015,0.174574180000036,0.00010732409227016305,2.739059259196593e-06,0.10132270540098325,True,0.2005275455543374,True,5.400765826562123e-05,5.69879405665219e-06,2.754581169222478e-05,0.00013367541583419687,0.0
1,3,True,True,5.266814177000015,0.174574180000036,0.00010732409227016305,2.739059259196593e-06,0.00869775556862253,False,0.08752565300577664,True,0.00016902695426068858,5.339758510913839e-06,8.854747265288824e-05,0.0001274498390336864,0.0
1,4,True,True,5.266814177000015,0.174574180000036,0.00010732409227016305,2.739059259196593e-06,0.0011666537135141032,False,0.05415347181022806,True,0.000561005861739227,3.418007144517787e-05,0.00018901116073587624,0.001010283110181406,0.0
1,5,True,True,5.266814177000015,0.174574180000036,0.00010732409227016305,2.739059259196593e-06,0.0005291726963152689,False,0.0378979178985663,True,8.338576570531246e-05,0.00042339118793499614,0.00029215947417514626,0.0008915797533942698,0.0
1,6,True,True,5.266814177000015,0.174574180000036,0.00010732409227016305,2.739059259196593e-06,0.0001328751186058448,False,0.02803721596002518,True,0.00018162459026173635,0.0006819969434211925,0.0004375586617475086,0.0013091245977287004,0.0
1,7,True,True,5.266814177000015,0.174574180000036,0.00010732409227016305,2.739059259196593e-06,5.358602950730942e-05,False,0.021361038971508456,True,0.00041230660801527407,0.0009551561521696783,0.00060981057713016,0.0014149918706333772,0.0
2,1,True,True,5.7257692929997575,0.1783446840004217,0.0008338165649817427,9.141078719947145e-05,1.0,True,1.0,True,8.363127826203504e-06,8.944101284269479e-06,1.2748861749393448e-05,3.60996062816662e-05,0.0
2,2,True,True,5.7257692929997575,0.1783446840004217,0.0008338165649817427,9.141078719947145e-05,0.043655473099662036,True,0.22440415905429303,True,3.240406239752729e-05,0.00010397972074380202,2.797621562177661e-05,5.3377970183242745e-05,0.0
2,3,True,True,5.7257692929997575,0.1783446840004217,0.0008338165649817427,9.141078719947145e-05,0.016570250426638598,False,0.11631198216639366,True,0.0004072745999953498,2.8247439649131678e-05,7.99444258035417e-05,0.00014471409668843492,0.0
2,4,True,True,5.7257692929997575,0.1783446840004217,0.0008338165649817427,9.141078719947145e-05,0.0034401751108318977,False,0.07432961542404697,True,2.923699458529449e-05,0.0008885499478392955,0.00016350803207719952,0.0004457180966109944,0.0
2,5,True,True,5.7257692929997575,0.1783446840004217,0.0008338165649817427,9.141078719947145e-05,0.0010179374818430386,False,0.05392161820197621,True,0.0003837493853696473,0.0013077250246342764,0.0002564743267465309,0.000637004525188478,0.0
2,6,True,True,5.7257692929997575,0.1783446840004217,0.0008338165649817427,9.141078719947145e-05,7.217369492008955e-05,False,0.04086784180727549,True,0.0005332900672583532,0.0040433256295500375,0.00037056820593646525,0.008617010260239475,0.0
2,7,True,True,5.7257692929997575,0.1783446840004217,0.0008338165649817427,9.141078719947145e-05,0.00010335980932286026,False,0.03104067612960827,True,0.00667269845865425,0.003620421336845814,0.0004972314577127875,0.013678308398720598,0.0
3,1,True,True,5.294666618000065,0.1711075120001624,5.6295610740721596e-05,1.1638382665880703e-06,1.0,True,1.0,True,4.279229283347962e-06,1.9641944870585348e-07,2.8961401278627967e-06,3.9633151315543566e-06,0.0
3,2,True,True,5.294666618000065,0.1711075120001624,5.6295610740721596e-05,1.1638382665880703e-06,0.06167496017450555,True,0.3706923035033615,True,7.019920006163394e-06,5.389507006592353e-05,2.147384919960754e-05,1.3071404901385174e-05,0.0
3,3,True,True,5.294666618000065,0.1711075120001624,5.6295610740721596e-05,1.1638382665880703e-06,0.03381753474911032,True,0.14898529666528354,True,8.125336386710935e-05,8.518183457750794e-05,7.118108901960767e-05,6.728004054601821e-05,0.0
3,4,True,True,5.294666618000065,0.1711075120001624,5.6295610740721596e-05,1.1638382665880703e-06,0.004324423146799804,False,0.08729373073674819,True,0.00012435288559102645,0.00010938804132631928,0.00015455935420776465,0.001081579667232315,0.0
3,5,True,True,5.294666618000065,0.1711075120001624,5.6295610740721596e-05,1.1638382665880703e-06,0.0010574824942984065,False,0.060207028918469234,True,0.00028909289575194404,6.917499395131532e-05,0.0002417610977478611,0.0004933612974154922,0.0
3,6,True,True,5.294666618000065,0.1711075120001624,5.6295610740721596e-05,1.1638382665880703e-06,0.0004681540662688339,False,0.0438199039000454,True,0.0011720523777238256,0.00042526998960701334,0.0003977084951307042,0.0009049239336646329,0.0
3,7,True,True,5.294666618000065,0.1711075120001624,5.6295610740721596e-05,1.1638382665880703e-06,0.00027488594524332984,False,0.032342832324938925,True,0.0008191995852198754,0.0008402172833166245,0.0005257372987065026,0.0017534091471452713,0.0
4,1,True,True,7.11636303799969,0.1633643159998428,4.305980588967879e-06,6.917682866658764e-08,1.0,True,1.0,True,2.015383355649581e-06,1.2707747902851452e-06,1.975490713876811e-06,7.70931291565725e-06,0.0
4,2,True,True,7.11636303799969,0.1633643159998428,4.305980588967879e-06,6.917682866658764e-08,0.21788389316831727,True,0.2246871486136233,True,7.86945847333961e-06,1.3593439464720802e-05,1.4784167079541621e-05,7.317311898165578e-05,0.0
4,3,True,True,7.11636303799969,0.1633643159998428,4.305980588967879e-06,6.917682866658764e-08,0.019154592817412542,False,0.06376173473823192,True,1.96111926042837e-05,5.839990118383654e-05,5.49403754087028e-05,0.00022331314644103236,0.0
4,4,True,True,7.11636303799969,0.1633643159998428,4.305980588967879e-06,6.917682866658764e-08,0.0057438304932857535,False,0.025831938373568585,True,0.0001280356978268457,0.000118552991568599,0.00013331125512819046,0.00023946829754409017,0.0
4,5,True,True,7.11636303799969,0.1633643159998428,4.305980588967879e-06,6.917682866658764e-08,0.0007454181997465106,False,0.012397441655852092,False,0.001085891865716503,0.00031720773500909516,0.00032412141489471745,0.00036122642247112224,0.0
4,6,True,True,7.11636303799969,0.1633643159998428,4.305980588967879e-06,6.917682866658764e-08,0.0003153944524354733,False,0.005859781304673808,False,0.0022514170836457686,0.0010754520106921461,0.0006132191219193103,0.0022935013225458905,0.0
4,7,True,True,7.11636303799969,0.1633643159998428,4.305980588967879e-06,6.917682866658764e-08,0.0003088545353101474,False,0.003257362508899939,False,0.0020436107731372846,0.0006504610311699466,0.0011265378937500288,0.0024021543958640448,0.0
5,1,True,True,10.356485635999888,0.19375060299989855,1.8191691736534947e-05,1.2878377653062763e-07,1.0,True,1.0,True,3.5760069354535295e-05,1.0624509009904415e-05,1.1261903897055707e-05,1.4884300916987913e-05,0.0
5,2,True,True,10.356485635999888,0.19375060299989855,1.8191691736534947e-05,1.2878377653062763e-07,0.26728123063195836,True,0.4200450158428542,True,1.8584361374206884e-06,2.934467653181727e-05,3.444601756311906e-05,7.28003928260658e-05,0.0
5,3,True,True,10.356485635999888,0.19375060299989855,1.8191691736534947e-05,1.2878377653062763e-07,0.07629190782304966,True,0.27892532734902226,True,6.12635440454151e-05,0.00018763910425567687,0.00023321239435013838,0.00024137625917946526,0.0
5,4,True,True,10.356485635999888,0.19375060299989855,1.8191691736534947e-05,1.2878377653062763e-07,0.009653078287899014,False,0.2238058230989012,True,5.504549157428459e-05,0.00021460887570662335,0.0004427136793238278,0.0002838491494406401,0.0
5,5,True,True,10.356485635999888,0.19375060299989855,1.8191691736534947e-05,1.2878377653062763e-07,0.0016474254518473595,False,0.14165016225073873,True,0.000962659473940069,0.0005827717213630623,0.0006420314721636391,0.0004304688415917716,0.0
5,6,True,True,10.356485635999888,0.19375060299989855,1.8191691736534947e-05,1.2878377653062763e-07,0.00017787682151892333,False,0.09115621525486244,True,9.259660802464175e-05,0.0009878906675022114,0.0008916513172876309,0.0005964169277391048,0.0
5,7,True,True,10.356485635999888,0.19375060299989855,1.8191691736534947e-05,1.2878377653062763e-07,1.8980877740915938e-05,False,0.06515884157805077,True,0.0008675684005665448,0.005227663814192873,0.0011695734889224964,0.0009944439744623633,0.0
6,1,True,True,5.050451367000278,0.1541526400001203,5.8157774372255696e-05,1.3508437416653964e-05,1.0,True,1.0,True,4.9421778470384645e-05,9.378358800660182e-08,4.461499263228934e-05,2.5372653425647138e-05,0.0
6,2,True,True,5.050451367000278,0.1541526400001203,5.8157774372255696e-05,1.3508437416653964e-05,0.2045171897123687,True,0.12695930352577747,True,5.6948288962444424e-05,6.580373440012721e-05,8.527121127625706e-05,0.0016992258784463987,0.0
6,3,True,True,5.050451367000278,0.1541526400001203,5.8157774372255696e-05,1.3508437416653964e-05,0.13686512346740728,True,0.06676474836476959,True,0.00012374207371761034,0.00010865952254479617,0.0001208044771306237,0.003622938307043352,0.0
6,4,True,True,5.050451367000278,0.1541526400001203,5.8157774372255696e-05,1.3508437416653964e-05,0.05737363630364762,True,0.06145966736956271,True,0.000235185781579322,0.00013006583315611916,0.00020842220983803407,0.013890327332580684,0.0
6,5,True,True,5.050451367000278,0.1541526400001203,5.8157774372255696e-05,1.3508437416653964e-05,0.027122534736061514,True,0.0528456236169858,True,0.0006534616245015049,0.00021738208376342882,0.0002443061122303104,0.009935823120215638,0.0
6,6,True,True,5.050451367000278,0.1541526400001203,5.8157774372255696e-05,1.3508437416653964e-05,0.016624888144343947,False,0.04829893417842462,True,0.0018381959722508342,7.531689577056078e-05,0.00031439108210425636,0.06544993257093663,0.0
6,7,True,True,5.050451367000278,0.1541526400001203,5.8157774372255696e-05,1.3508437416653964e-05,0.011058641269710675,False,0.041954193931258786,True,0.0015435913126712678,0.0006614133154643209,0.0004358186357446953,0.17247503322035818,0.0
7,1,True,True,5.999790935999954,0.1848474299999907,0.0004948494151151044,3.935147944865483e-06,1.0,True,1.0,True,5.9804777383824134e-06,5.242112560033264e-06,7.194270202400467e-06,6.409143980498925e-06,0.0
7,2,True,True,5.999790935999954,0.1848474299999907,0.0004948494151151044,3.935147944865483e-06,0.012472050414644734,False,0.17452804145074294,True,6.745693891628806e-05,0.0002997924136276531,2.0047663252115657e-05,8.498764279509324e-05,0.0
7,3,True,True,5.999790935999954,0.1848474299999907,0.0004948494151151044,3.935147944865483e-06,0.011965598184410635,False,0.09023204007234499,True,0.00024751657726256943,3.2048623664682196e-05,6.602308616302313e-05,0.0001700592932403396,0.0
7,4,True,True,5.999790935999954,0.1848474299999907,0.0004948494151151044,3.935147944865483e-06,0.0005500220809757398,False,0.05719359629548216,True,0.000550752128253953,0.0013024757052648717,0.00013285719876625612,0.00025663292285861794,0.0
7,5,True,True,5.999790935999954,0.1848474299999907,0.0004948494151151044,3.935147944865483e-06,0.0005051784460834921,False,0.04126955049152625,True,0.001469802044765874,0.0012003151916721855,0.00019895361870309123,0.0006052370478064565,0.0
7,6,True,True,5.999790935999954,0.1848474299999907,0.0004948494151151044,3.935147944865483e-06,5.216735236278048e-05,False,0.03025673900246291,True,0.0014903558547430798,0.008927926582842359,0.0002833891056296553,0.0016501848542587448,0.0
7,7,True,True,5.999790935999954,0.1848474299999907,0.0004948494151151044,3.935147944865483e-06,1.9967074620583845e-05,False,0.02192391018849249,True,0.01168258891835055,0.0009118059618102026,0.00036749832815505457,0.0023351928390002536,0.0
8,1,True,True,7.145081794000362,0.1594177300003139,0.00013853808983396048,0.00038041806706040344,1.0,True,1.0,True,4.242203103367964e-05,2.074784420769138e-06,1.047343924613332e-05,3.5896164522967674e-05,0.0
8,2,True,True,7.145081794000362,0.1594177300003139,0.00013853808983396048,0.00038041806706040344,0.1654945062263586,True,0.5247013355307912,True,0.00011242194804865583,1.8488429069540846e-05,4.1660429175010605e-05,0.8821700406479045,0.0
8,3,True,True,7.145081794000362,0.1594177300003139,0.00013853808983396048,0.00038041806706040344,0.19148727815670163,True,0.36952922361135776,True,0.00013773927880543117,9.922954838037512e-05,3.5617074175923495e-05,1.4268698542181235,0.0
8,4,True,True,7.145081794000362,0.1594177300003139,0.00013853808983396048,0.00038041806706040344,0.10284069447307741,True,0.43742989102417906,True,0.00020164426451280398,5.2197168774803515e-05,8.694778978044661e-05,1.087536945971372,0.0
8,5,True,True,7.145081794000362,0.1594177300003139,0.00013853808983396048,0.00038041806706040344,0.03334059435200719,True,0.21872551828959155,True,0.000278014638852068,0.00014211809502384654,0.00017706379228890772,1.451393828733018,0.0
8,6,True,True,7.145081794000362,0.1594177300003139,0.00013853808983396048,0.00038041806706040344,0.02182362028898522,True,0.22003048023884508,True,0.0009250088375398733,0.00030719936977652296,0.0001841061865014628,1.3142359518387905,0.0
8,7,True,True,7.145081794000362,0.1594177300003139,0.00013853808983396048,0.00038041806706040344,0.008089884684826649,False,0.13419107700121075,True,0.0004979231863086538,0.0009068328546306681,0.00032840733538128217,1.035432233306182,0.0
9,1,True,True,3.8606893810001566,0.13169938300006834,8.90870721234461e-05,1.5355889266369693e-05,1.0,True,1.0,True,5.1826218428550185e-05,2.0368503922701953e-05,5.8375035780786506e-05,3.011091792223541e-05,0.0
9,2,True,True,3.8606893810001566,0.13169938300006834,8.90870721234461e-05,1.5355889266369693e-05,0.05518307731700397,True,0.06118229978022236,True,0.00015564360811171012,0.00026549386028262845,0.00010825594286507157,0.05619480715647299,0.0
9,3,True,True,3.8606893810001566,0.13169938300006834,8.90870721234461e-05,1.5355889266369693e-05,0.02385329013794827,True,0.026688247770211615,True,0.0003484809627640583,0.00012881512919138416,0.000259563717901893,0.03838003551420979,0.0
9,4,True,True,3.8606893810001566,0.13169938300006834,8.90870721234461e-05,1.5355889266369693e-05,0.00806997986379717,False,0.009215606237256863,False,4.855785496634404e-05,0.00037859626002221397,0.0008395087631854135,0.07166757822792061,0.0
9,5,True,True,3.8606893810001566,0.13169938300006834,8.90870721234461e-05,1.5355889266369693e-05,0.0022021590764416785,False,0.002583258371443427,False,0.011722824568575872,0.008136640062182732,0.0039111032761024395,0.7011465522327764,0.0
9,6,True,True,3.8606893810001566,0.13169938300006834,8.90870721234461e-05,1.5355889266369693e-05,0.000503787938815435,False,0.0006169920645990554,False,0.004130600354279617,0.030960356359611474,0.010669574530127058,0.7821923240646995,0.0
9,7,True,True,3.8606893810001566,0.13169938300006834,8.90870721234461e-05,1.5355889266369693e-05,9.297515686059837e-05,False,0.0001437657069546187,False,0.038293371935703736,0.011955396623817728,0.0699312885331979,0.8295632880760001,0.0
10,1,True,True,5.373930708999978,0.1714910300001975,7.712162352693325e-06,1.5529221416981378e-06,1.0,True,1.0,True,5.700882741358703e-07,2.0881233684377776e-06,1.2864311026109755e-06,1.683857108243388e-05,0.0
10,2,True,True,5.373930708999978,0.1714910300001975,7.712162352693325e-06,1.5529221416981378e-06,0.21280560391599773,True,0.20591675101939547,True,3.7961106322845886e-07,2.779951369102917e-06,1.0989206935611177e-05,3.6782154815598066e-05,0.0
10,3,True,True,5.373930708999978,0.1714910300001975,7.712162352693325e-06,1.5529221416981378e-06,0.010607934463700877,False,0.0565375720359263,True,6.0482841954016944e-05,0.00021576212152285557,6.237686298626939e-05,0.00012451433559152475,0.0
10,4,True,True,5.373930708999978,0.1714910300001975,7.712162352693325e-06,1.5529221416981378e-06,0.007743916759547701,False,0.03144422556649567,True,0.00013477229713307527,1.4061950373012166e-06,0.00011334501193498514,0.00019240324260342274,0.0
10,5,True,True,5.373930708999978,0.1714910300001975,7.712162352693325e-06,1.5529221416981378e-06,0.0007596745421894664,False,0.020169183167027194,True,0.0005285354441875756,9.590995223929255e-05,0.00019307455621052358,0.0006012349253874542,0.0
10,6,True,True,5.373930708999978,0.1714910300001975,7.712162352693325e-06,1.5529221416981378e-06,0.000897353952848875,False,0.013511068669979321,False,0.0005376208341106698,9.543768847297684e-05,0.00028723070356729635,0.0017602310111996837,0.0
10,7,True,True,5.373930708999978,0.1714910300001975,7.712162352693325e-06,1.5529221416981378e-06,0.00031823368291784284,False,0.009342692926079598,False,0.0012765997911981786,0.0007189023986158283,0.0004167554342776843,0.006610039227875366,0.0
11,1,True,True,4.72401242900014,0.15842404699969848,4.143152223694052e-06,2.1521957469630212e-07,1.0,True,1.0,True,9.212646569742561e-08,1.5952395839846645e-06,3.091121611502326e-07,6.901885545327009e-06,0.0
11,2,True,True,4.72401242900014,0.15842404699969848,4.143152223694052e-06,2.1521957469630212e-07,0.22668981851818198,True,0.20061165106231624,True,6.854359381573864e-07,1.7098222873102031e-06,1.967184635523455e-06,7.137435618300612e-06,0.0
11,3,True,True,4.72401242900014,0.15842404699969848,4.143152223694052e-06,2.1521957469630212e-07,0.014862466862830128,False,0.027711996696246046,True,8.717176103581389e-06,5.9323242961317746e-05,2.1979758655168785e-05,0.00013363996360256616,0.0
11,4,True,True,4.72401242900014,0.15842404699969848,4.143152223694052e-06,2.1521957469630212e-07,0.002183443923009192,False,0.007059650618765761,False,9.936152981697104e-05,0.00010014301685545844,5.608381548186257e-05,0.000527589052497114,0.0
11,5,True,True,4.72401242900014,0.15842404699969848,4.143152223694052e-06,2.1521957469630212e-07,0.00017104262814934858,False,0.002526144792315045,False,0.0025139253008548287,0.002318046661462958,0.0002774283747866237,0.00046059186923118263,0.0
11,6,True,True,4.72401242900014,0.15842404699969848,4.143152223694052e-06,2.1521957469630212e-07,7.742014250030222e-05,False,0.0013039558822691923,False,0.0045865324482800415,0.007479462488127364,0.0006080218503585522,0.0031600084326978105,0.0
11,7,True,True,4.72401242900014,0.15842404699969848,4.143152223694052e-06,2.1521957469630212e-07,3.586361287405277e-05,False,0.0009087006814880366,False,0.0027525703589284514,0.0052111173797495525,0.0008500033355019627,0.026661773487573502,0.0
12,1,True,True,4.809782232000089,0.15652633099989544,7.681608525712317e-05,1.2494508622142045e-05,1.0,True,1.0,True,3.129344842141578e-05,2.726661396668106e-05,1.0362247232419609e-05,6.784335991445171e-05,0.0
12,2,True,True,4.809782232000089,0.15652633099989544,7.681608525712317e-05,1.2494508622142045e-05,0.23900529740440452,True,0.7339478003508741,True,1.5587933448193515e-05,5.210456559878729e-06,2.2802705704507634e-05,0.01070362554977352,0.0
12,3,True,True,4.809782232000089,0.15652633099989544,7.681608525712317e-05,1.2494508622142045e-05,0.02222934072359339,True,0.36230308077178813,True,0.0011721735910452736,0.000867077984609832,7.448422047341902e-05,0.017429109006749547,0.0
12,4,True,True,4.809782232000089,0.15652633099989544,7.681608525712317e-05,1.2494508622142045e-05,0.067865290059519,True,0.37631724468739136,True,0.00013473214313180503,2.8846355563771908e-05,9.677111339410866e-05,0.02727361131435671,0.0
12,5,True,True,4.809782232000089,0.15652633099989544,7.681608525712317e-05,1.2494508622142045e-05,0.013453992070816309,False,0.2972063041389047,True,0.00011518213229563507,0.0006437827554721666,0.0001588201252224326,0.22309884161326674,0.0
12,6,True,True,4.809782232000089,0.15652633099989544,7.681608525712317e-05,1.2494508622142045e-05,0.002959370853392262,False,0.2239012423527085,True,0.0017448987652494605,0.00042004620065316795,0.00024519183861095847,0.6116106927625664,0.0
12,7,True,True,4.809782232000089,0.15652633099989544,7.681608525712317e-05,1.2494508622142045e-05,0.0013718530517524412,False,0.16364417286016567,True,0.002911756427931957,0.0007676374486238481,0.00035021343290725544,1.1084737451711821,0.0
13,1,True,True,5.788551437000024,0.1779685999999856,4.911456464495493e-06,1.9328655067608077e-07,1.0,True,1.0,True,7.493684632908033e-07,4.5698091399870577e-07,1.0104999659132312e-06,4.015611221705358e-06,0.0
13,2,True,True,5.788551437000024,0.1779685999999856,4.911456464495493e-06,1.9328655067608077e-07,0.16838045606146426,True,0.1700339601595476,True,1.3590781465524094e-05,3.1066942052238034e-05,1.664320891668159e-05,3.764565087231524e-05,0.0
13,3,True,True,5.788551437000024,0.1779685999999856,4.911456464495493e-06,1.9328655067608077e-07,0.003934945584113156,False,0.050219486906856285,True,2.9872513809153533e-05,0.0001426555645699379,8.189909193176119e-05,9.396786874265392e-05,0.0
13,4,True,True,5.788551437000024,0.1779685999999856,4.911456464495493e-06,1.9328655067608077e-07,0.005279622633758941,False,0.02454009756407598,True,0.0001658713843831107,0.00014183325826921944,0.00016022005191843313,0.0002102222276586505,0.0
13,5,True,True,5.788551437000024,0.1779685999999856,4.911456464495493e-06,1.9328655067608077e-07,0.0008786176092214948,False,0.014689352162900966,False,0.0004577663099781024,9.003847169530844e-05,0.000252868180626822,0.00047824940823979736,0.0
13,6,True,True,5.788551437000024,0.1779685999999856,4.911456464495493e-06,1.9328655067608077e-07,0.0004217354373761244,False,0.009429629428086653,False,0.0015753292230363167,0.0004976090978121572,0.0004243872656335115,0.0018223009557170318,0.0
13,7,True,True,5.788551437000024,0.1779685999999856,4.911456464495493e-06,1.9328655067608077e-07,0.000377892188143531,False,0.006319976296112295,False,0.0015419101953142833,0.0005005382904403888,0.0005860925051099716,0.0027926269940861045,0.0
14,1,True,True,8.016268696000225,0.17074432300023545,2.2530995606157775e-05,1.3236088535437707e-06,1.0,True,1.0,True,4.459979267957346e-05,3.7524162480040424e-06,2.6689337890070708e-05,1.3371046190944247e-05,0.0
14,2,True,True,8.016268696000225,0.17074432300023545,2.2530995606157775e-05,1.3236088535437707e-06,0.22889595213826716,True,0.5250733151080271,True,6.264288143758738e-05,0.00011576592215201131,0.00010620421869196933,5.167003096062852e-05,0.0
14,3,True,True,8.016268696000225,0.17074432300023545,2.2530995606157775e-05,1.3236088535437707e-06,0.07441414688530103,True,0.3721753600718379,True,3.2870036058549066e-05,0.0002582469779074392,0.0002034063372391732,0.00018098227230613695,0.0
14,4,True,True,8.016268696000225,0.17074432300023545,2.2530995606157775e-05,1.3236088535437707e-06,0.022814491449773367,True,0.27647881847775635,True,0.0003341346223836993,2.655082163660616e-05,0.0003823454768448299,0.00023236880127316264,0.0
14,5,True,True,8.016268696000225,0.17074432300023545,2.2530995606157775e-05,1.3236088535437707e-06,0.003411951421379325,False,0.196532138164793,True,0.0002283264277091849,0.0005728116552426998,0.0005184750884438263,0.00041915341482990574,0.0
14,6,True,True,8.016268696000225,0.17074432300023545,2.2530995606157775e-05,1.3236088535437707e-06,0.00030539640870071004,False,0.13405595973671114,True,0.007120008464732918,0.0006824609184665764,0.0007401772549747987,0.002307556533700238,0.0
14,7,True,True,8.016268696000225,0.17074432300023545,2.2530995606157775e-05,1.3236088535437707e-06,8.721856613922575e-05,False,0.09188331145375386,True,0.0071412083033319034,0.006421864408933774,0.0009045508074121765,0.0021942220924368147,0.0
15,1,True,True,5.479144769999948,0.16561790600007953,6.822400249641311e-06,4.6408454842501127e-07,1.0,True,1.0,True,2.4112034647841704e-07,3.4307416290069166e-06,6.300522429056316e-07,1.5438087778781284e-05,0.0
15,2,True,True,5.479144769999948,0.16561790600007953,6.822400249641311e-06,4.6408454842501127e-07,0.2803749206140366,True,0.29092621075863756,True,1.1491731906365473e-06,3.6876245230743625e-06,5.005531357939636e-06,1.7952724308089374e-05,0.0
15,3,True,True,5.479144769999948,0.16561790600007953,6.822400249641311e-06,4.6408454842501127e-07,0.05120256245601207,True,0.041939223660911455,True,2.8435390157865016e-06,3.946089186745993e-06,5.242923055326386e-05,0.000144173634253689,0.0
15,4,True,True,5.479144769999948,0.16561790600007953,6.822400249641311e-06,4.6408454842501127e-07,0.009253533401501375,False,0.024235176968496575,True,0.00010608588953011692,7.69644648106471e-05,5.8741128989224316e-05,0.0003760333176279712,0.0
15,5,True,True,5.479144769999948,0.16561790600007953,6.822400249641311e-06,4.6408454842501127e-07,0.0020769662539049847,False,0.014602675762055784,False,0.0006277808756751035,0.00038027776875626534,0.00010185971767840991,0.0016164453800339728,0.0
15,6,True,True,5.479144769999948,0.16561790600007953,6.822400249641311e-06,4.6408454842501127e-07,0.0006839738751050042,False,0.009295660778280368,False,0.0009288039186178173,0.000984027055941139,0.00017596642466457087,0.0031431817036843683,0.0
15,7,True,True,5.479144769999948,0.16561790600007953,6.822400249641311e-06,4.6408454842501127e-07,0.00025995728155663516,False,0.007844076028798382,False,0.0005956658685487389,0.001760721713288227,0.00023128832439162555,0.005499775326727452,0.0
16,1,True,True,7.932877132000158,0.17387693999990006,0.00010791687431360321,2.347570314736493e-06,1.0,True,1.0,True,3.556188104534234e-05,2.2735584484012694e-05,2.336818511280104e-05,2.3570411698736984e-05,0.0
16,2,True,True,7.932877132000158,0.17387693999990006,0.00010791687431360321,2.347570314736493e-06,0.20956749602168684,True,0.6185632927328304,True,0.00014577421875311219,8.344799689652405e-05,9.396004475639916e-05,5.840256159151192e-05,0.0
16,3,True,True,7.932877132000158,0.17387693999990006,0.00010791687431360321,2.347570314736493e-06,0.06971643995082637,True,0.4449371052859064,True,0.0001633288163625508,0.00016828110590738632,0.00015571579322614708,0.0001322968785620866,0.0
16,4,True,True,7.932877132000158,0.17387693999990006,0.00010791687431360321,2.347570314736493e-06,0.02115201260809364,True,0.3161744273621372,True,0.00035470883397465704,0.000114813459487495,0.00028313695530602723,0.00024516695748299665,0.0
16,5,True,True,7.932877132000158,0.17387693999990006,0.00010791687431360321,2.347570314736493e-06,0.0033741904287665587,False,0.211813586736881,True,0.0003724824594523477,0.00046735818061782725,0.0003781894407515543,0.00038697571467108367,0.0
16,6,True,True,7.932877132000158,0.17387693999990006,0.00010791687431360321,2.347570314736493e-06,0.0008823167526486375,False,0.14437589062557163,True,0.0012072368593854562,3.310760245778255e-05,0.0005822553851895679,0.0010054927298081523,0.0
16,7,True,True,7.932877132000158,0.17387693999990006,0.00010791687431360321,2.347570314736493e-06,0.0003581272856942889,False,0.10527660116182488,True,0.0007888635472325454,0.0006955894407305596,0.0007707797514815345,0.0014370612668343486,0.0
17,1,True,True,4.4625291729998935,0.1375385319997804,7.918618888820645e-05,1.4077426773720995e-05,1.0,True,1.0,True,4.044285662987637e-05,2.0773568989829183e-05,3.7960761139483014e-05,3.4814764480087404e-05,0.0
17,2,True,True,4.4625291729998935,0.1375385319997804,7.918618888820645e-05,1.4077426773720995e-05,0.09949333722454784,True,0.07263281502916463,True,0.00013381301298195935,7.18253373404032e-05,7.143885478628788e-05,0.03230569727268962,0.0
17,3,True,True,4.4625291729998935,0.1375385319997804,7.918618888820645e-05,1.4077426773720995e-05,0.055906136499369555,True,0.03217404194315336,True,0.00013519551474049335,7.393331442440143e-05,0.00021053694410097325,0.18874813850132052,0.0
17,4,True,True,4.4625291729998935,0.1375385319997804,7.918618888820645e-05,1.4077426773720995e-05,0.02719116551349546,True,0.010768786240231804,False,0.00011660131032821097,0.00014498226278031323,0.0008216115585439844,0.17123350808635693,0.0
17,5,True,True,4.4625291729998935,0.1375385319997804,7.918618888820645e-05,1.4077426773720995e-05,0.01069829953341358,False,0.002708390280672392,False,0.0023218065886318703,0.0009159888187617592,0.0029090465341640964,0.3536511138517952,0.0
17,6,True,True,4.4625291729998935,0.1375385319997804,7.918618888820645e-05,1.4077426773720995e-05,0.0036072732594493915,False,0.0007399227272520909,False,0.0030600413335481733,0.0030861546520388754,0.008398311823382505,0.2362741540713091,0.0
17,7,True,True,4.4625291729998935,0.1375385319997804,7.918618888820645e-05,1.4077426773720995e-05,0.002172722848847989,False,0.00033819531995446213,False,0.0018366825997995404,0.0036153889838488745,0.021898432402965132,0.4029206516192911,0.0
18,1,True,True,8.12497035899969,0.1712947119999626,0.0003136020071474565,1.5329591046009727e-05,1.0,True,1.0,True,2.6837146910314494e-05,1.8406813292570767e-05,1.9348747601881038e-05,1.4530185907735354e-05,0.0
18,2,True,True,8.12497035899969,0.1712947119999626,0.0003136020071474565,1.5329591046009727e-05,0.21786988602025584,True,0.5212334478342232,True,0.00010433407966512083,7.997322249952976e-05,4.973504935966883e-05,7.311586905646799e-05,0.0
18,3,True,True,8.12497035899969,0.1712947119999626,0.0003136020071474565,1.5329591046009727e-05,0.07747595624420256,True,0.42729891501142464,True,0.00017780140936374497,2.3959105250881407e-06,8.187379930779617e-05,0.000137949974913953,0.0
18,4,True,True,8.12497035899969,0.1712947119999626,0.0003136020071474565,1.5329591046009727e-05,0.0319739036868636,True,0.22954506321756601,True,0.0002483399838101726,0.00034229841373800696,0.000157762947291653,0.00031425496525506476,0.0
18,5,True,True,8.12497035899969,0.1712947119999626,0.0003136020071474565,1.5329591046009727e-05,0.012405933426300175,False,0.15388865710232538,True,0.0008867442856626657,0.0006525094105080953,0.00026995906078554647,0.000566191660056423,0.0
18,6,True,True,8.12497035899969,0.1712947119999626,0.0003136020071474565,1.5329591046009727e-05,0.005331595550532279,False,0.11776511647878936,True,0.001163597018975362,0.0012449397873810497,0.0004496590569519646,0.0008774361060350918,0.0
18,7,True,True,8.12497035899969,0.1712947119999626,0.0003136020071474565,1.5329591046009727e-05,0.004026971375668057,False,0.09436638743939067,True,0.002004930575445659,0.0012757015132187632,0.0005558682716793799,0.001355839108075979,0.0
19,1,True,True,6.96451009600014,0.16339935899986813,3.6519838066335504e-06,3.955072957565651e-08,1.0,True,1.0,True,3.016395493274175e-07,9.964510276905258e-07,2.3179366695786125e-07,5.83186138646111e-06,0.0
19,2,True,True,6.96451009600014,0.16339935899986813,3.6519838066335504e-06,3.955072957565651e-08,0.2949388739827978,True,0.2718793318124649,True,4.979142530383204e-07,1.05049766441212e-06,3.8664225492948795e-07,0.0017854699626369394,0.0
19,3,True,True,6.96451009600014,0.16339935899986813,3.6519838066335504e-06,3.955072957565651e-08,0.027904582542589557,True,0.06565906615457809,True,3.621351487464513e-06,4.999380624814974e-06,1.4938785280836312e-06,0.00019194653022082614,0.0
19,4,True,True,6.96451009600014,0.16339935899986813,3.6519838066335504e-06,3.955072957565651e-08,0.003685908437132785,False,0.026249368808702187,True,3.0539074612026525e-05,1.9217474198640616e-06,2.4420776360419485e-06,0.00018893481647774878,0.0
19,5,True,True,6.96451009600014,0.16339935899986813,3.6519838066335504e-06,3.955072957565651e-08,0.0006096477827177039,False,0.012507803242450814,False,0.00019300382811088823,6.319350219952113e-05,5.132816269070716e-06,0.0003923984616076792,0.0
19,6,True,True,6.96451009600014,0.16339935899986813,3.6519838066335504e-06,3.955072957565651e-08,5.5687723190910196e-05,False,0.0064824220657853536,False,0.0005813687795393886,0.0009032390111056721,8.77026501198443e-06,0.0031549187278386882,0.0
19,7,True,True,6.96451009600014,0.16339935899986813,3.6519838066335504e-06,3.955072957565651e-08,7.815082877054517e-06,False,0.0035378872510186806,False,0.003627362082332208,0.00023165384539525213,1.5061627453458786e-05,0.0013758794580812621,0.0
20,1,True,True,6.844682877000196,0.18676433299970085,0.0008674342325763127,0.0031729113426385265,1.0,True,1.0,True,2.5613451516802432e-05,2.5014984198934442e-05,1.448197599471469e-05,3.530718904736666e-05,0.0
20,2,True,True,6.844682877000196,0.18676433299970085,0.0008674342325763127,0.0031729113426385265,0.367496709797481,True,0.4936385995008826,True,7.085955297535362e-05,1.8873979676328756e-05,3.0269468181816626e-05,0.003887978157238447,0.0
20,3,True,True,6.844682877000196,0.18676433299970085,0.0008674342325763127,0.0031729113426385265,0.0793620749210804,True,0.3024329728946896,True,0.00025647187886737393,0.00018242331934459344,5.588572636161184e-05,0.008267041583767414,0.0
20,4,True,True,6.844682877000196,0.18676433299970085,0.0008674342325763127,0.0031729113426385265,0.02728883539427255,True,0.1520228516175989,True,0.00030727434895787736,0.00014778319974118048,0.00014552697040157327,0.011046161239067773,0.0
20,5,True,True,6.844682877000196,0.18676433299970085,0.0008674342325763127,0.0031729113426385265,0.008593955301639044,False,0.11876447464331044,True,0.0006553960228690812,0.0011973209206286304,0.00022136311291171847,0.08896188243832251,0.0
20,6,True,True,6.844682877000196,0.18676433299970085,0.0008674342325763127,0.0031729113426385265,0.004116405591400163,False,0.08790666662207093,True,0.0016165056075001074,0.0005696150862087301,0.00032051969295967967,0.5241669939115465,0.0
20,7,True,True,6.844682877000196,0.18676433299970085,0.0008674342325763127,0.0031729113426385265,0.0036437715080688033,False,0.0694431662199576,True,5.045634612959071e-05,0.0010917008164681439,0.0004442733913923941,0.5024809695820655,0.0
21,1,True,True,6.089481567999883,0.15470905200027119,2.019346991337197e-05,4.898708818756465e-06,1.0,True,1.0,True,1.1947889623518718e-05,8.542680361767196e-06,1.704117946648449e-05,4.814900803918693e-05,0.0
21,2,True,True,6.089481567999883,0.15470905200027119,2.019346991337197e-05,4.898708818756465e-06,0.07094230176049197,True,0.6444599701845977,True,0.0002337537418340532,0.00012207835670663414,2.0429697902509032e-05,0.0016277327990216498,0.0
21,3,True,True,6.089481567999883,0.15470905200027119,2.019346991337197e-05,4.898708818756465e-06,0.09636536055244659,True,0.2562149950075604,True,1.2573384697825295e-05,1.1089599584179766e-05,9.285237674500894e-05,0.0023695379912953484,0.0
21,4,True,True,6.089481567999883,0.15470905200027119,2.019346991337197e-05,4.898708818756465e-06,0.04875816620938412,True,0.12670033112134124,True,0.0004627853334777966,0.0002705342501228003,9.510356237334238e-05,0.015761472253989686,0.0
21,5,True,True,6.089481567999883,0.15470905200027119,2.019346991337197e-05,4.898708818756465e-06,0.016564265195444065,False,0.10104625398616353,True,0.00010437889439767072,0.0007053728128054714,0.00018494944380511517,0.031496197272094587,0.0
21,6,True,True,6.089481567999883,0.15470905200027119,2.019346991337197e-05,4.898708818756465e-06,0.0029592190937934764,False,0.05669389986601796,True,0.0008122283650855422,0.005825814295070675,0.0002986712832845527,0.3195858718209031,0.0
21,7,True,True,6.089481567999883,0.15470905200027119,2.019346991337197e-05,4.898708818756465e-06,0.0012576291048153729,False,0.040693434957813954,True,0.005735960554009344,0.0063687178949816126,0.0004487525335641905,0.3673572180720318,0.0
22,1,True,True,5.8157280999998875,0.18603074500015282,0.00031734470683835564,3.176127570319389e-06,1.0,True,1.0,True,5.5148868787640055e-06,4.354498002179241e-06,6.317465747437593e-06,9.016841532215941e-06,0.0
22,2,True,True,5.8157280999998875,0.18603074500015282,0.00031734470683835564,3.176127570319389e-06,0.034263375436505705,True,0.11778674721847243,True,7.467889315975921e-06,3.520722521876962e-05,2.22571605679004e-05,0.00012592004102853242,0.0
22,3,True,True,5.8157280999998875,0.18603074500015282,0.00031734470683835564,3.176127570319389e-06,0.004299748857071261,False,0.06100307661270414,True,0.0002654789078662831,0.00019014125492589073,6.582176673092736e-05,0.00029768688578597877,0.0
22,4,True,True,5.8157280999998875,0.18603074500015282,0.00031734470683835564,3.176127570319389e-06,0.00130748672646886,False,0.038378840509948546,True,0.000408582491040038,0.0003592519497974678,0.0001256615743364734,0.0005853605715372966,0.0
22,5,True,True,5.8157280999998875,0.18603074500015282,0.00031734470683835564,3.176127570319389e-06,0.00024051211344288908,False,0.02835944619220431,True,0.0006915297277626966,0.0025493107888014954,0.00018821300987550879,0.0009326221199579856,0.0
22,6,True,True,5.8157280999998875,0.18603074500015282,0.00031734470683835564,3.176127570319389e-06,0.00012161461247010694,False,0.02135577694226376,True,0.004030853129422407,0.0014179558055444907,0.00027955825090485604,0.0013802017252050193,0.0
22,7,True,True,5.8157280999998875,0.18603074500015282,0.00031734470683835564,3.176127570319389e-06,2.561960376073698e-05,False,0.016055270381109935,False,0.020107327598551474,0.002552282836618014,0.00037693976556599175,0.001835331955237734,0.0
23,1,True,True,7.471269115999803,0.1680750900000021,0.00014453136014128256,5.605696262873927e-06,1.0,True,1.0,True,4.071433654542855e-05,2.10825101294998e-05,2.6300819152279284e-05,2.243729163461329e-05,0.0
23,2,True,True,7.471269115999803,0.1680750900000021,0.00014453136014128256,5.605696262873927e-06,0.16286740672430916,True,0.5904839610859035,True,0.00017036128494226046,6.901182327689881e-05,9.494357946739769e-05,6.885582342014116e-05,0.0
23,3,True,True,7.471269115999803,0.1680750900000021,0.00014453136014128256,5.605696262873927e-06,0.10792173088875151,True,0.44430786737864963,True,0.00024003433651115716,0.00017984991529584882,0.00016399295262799825,0.00014179359352513212,0.0
23,4,True,True,7.471269115999803,0.1680750900000021,0.00014453136014128256,5.605696262873927e-06,0.02884647605115123,True,0.3289197712310326,True,0.0004524845308353127,0.00023435065682875236,0.00029959186367762707,0.00047944998939592436,0.0
23,5,True,True,7.471269115999803,0.1680750900000021,0.00014453136014128256,5.605696262873927e-06,0.0028768014118042673,False,0.2249408033385486,True,0.00041675082890984866,7.860381712143649e-05,0.00040158477110582386,0.0006100477165498052,0.0
23,6,True,True,7.471269115999803,0.1680750900000021,0.00014453136014128256,5.605696262873927e-06,0.0007861569187121629,False,0.15143117463830977,True,8.13877316525601e-05,0.0002065234079262623,0.0005870122896111336,0.0031347121801368408,0.0
23,7,True,True,7.471269115999803,0.1680750900000021,0.00014453136014128256,5.605696262873927e-06,0.0003241442811504144,False,0.10659932000929696,True,0.0011857257213113556,0.0009780759002327999,0.0007596364939561158,0.01892296326639291,0.0
